model_name	dope_score	ga341_score
2AFX_A.B99990001.pdb	-43372.6015625	[1.0, 0.03914633393287659, -387.14251708984375, -4.966169834136963, -8.539422035217285, -9.388648986816406, -5.359698295593262, -11.183586120605469]
2AFX_A.B99990002.pdb	-43238.328125	[1.0, 0.03553301841020584, -405.92266845703125, -6.672021865844727, -9.042184829711914, -9.1950101852417, -5.782186985015869, -9.970264434814453]
