model_name	dope_score	ga341_score
3EWJ_A.B99990001.pdb	-44141.21484375	[1.0, 0.0011067409068346024, -288.8638610839844, 58.99104690551758, 0.09687779098749161, -7.305309772491455, -3.5193092823028564, -7.518407821655273]
3EWJ_A.B99990002.pdb	-44208.20703125	[1.0, 0.0011781416833400726, -326.8858337402344, 65.3458251953125, 0.3482081890106201, -7.402498245239258, -3.1140847206115723, -7.1919708251953125]
