model_name	dope_score	ga341_score
2WCG_A.B99990001.pdb	-65468.36328125	[1.0, 0.07793502509593964, -247.11898803710938, -10.085010528564453, -5.854403495788574, -9.127240180969238, -6.711711406707764, -11.06238079071045]
2WCG_A.B99990002.pdb	-64975.64453125	[1.0, 0.05366130173206329, -240.99717712402344, -10.232152938842773, -5.722864151000977, -9.24313735961914, -6.679314136505127, -10.402099609375]
