════════════════════════════════════════════════════════════════════════════════════════════════════
[2026-05-17 14:43:52] sync_pdb_csv_and_directories:start
────────────────────────────────────────────────────────────────────────────────────────────────────
protein_data_dir            : /home/grheco/repositorios/stack_protein_prep/data/proteins
pdb_id_csv_path             : /home/grheco/repositorios/stack_protein_prep/data/proteins/pdb_ids.csv
logs_root                   : /home/grheco/repositorios/stack_protein_prep/data/proteins/logs/pdb_sync
csv_file_exists             : True
any_protein_subdirs_exist   : False
valid_protein_subdir_names  : []

════════════════════════════════════════════════════════════════════════════════════════════════════
[2026-05-17 14:43:52] download_missing_pdb_files:start
────────────────────────────────────────────────────────────────────────────────────────────────────
record_count      : 20
protein_data_dir  : /home/grheco/repositorios/stack_protein_prep/data/proteins

════════════════════════════════════════════════════════════════════════════════════════════════════
[2026-05-17 14:43:52] download_and_prepare_pdb_file:start
────────────────────────────────────────────────────────────────────────────────────────────────────
pdb_id                 : 1A5H
residue_range          : '16-243'
temporary_raw_pdb_path : /home/grheco/repositorios/stack_protein_prep/data/proteins/1A5H/1A5H.raw.pdb
target_pdb_file_path   : /home/grheco/repositorios/stack_protein_prep/data/proteins/1A5H/1A5H.pdb
download_url           : https://files.rcsb.org/download/1A5H.pdb

════════════════════════════════════════════════════════════════════════════════════════════════════
[2026-05-17 14:43:53] download_and_prepare_pdb_file:downloaded_raw
────────────────────────────────────────────────────────────────────────────────────────────────────
temporary_raw_pdb_path : /home/grheco/repositorios/stack_protein_prep/data/proteins/1A5H/1A5H.raw.pdb
exists                 : True
size_bytes             : 482193

════════════════════════════════════════════════════════════════════════════════════════════════════
[2026-05-17 14:43:53] trim_pdb_to_residue_range
────────────────────────────────────────────────────────────────────────────────────────────────────
input_pdb_path        : /home/grheco/repositorios/stack_protein_prep/data/proteins/1A5H/1A5H.raw.pdb
output_pdb_path       : /home/grheco/repositorios/stack_protein_prep/data/proteins/1A5H/1A5H.pdb
residue_range         : '16-243'
parsed_start          : 16
parsed_end            : 243
total_atom_lines      : 4996
kept_atom_lines       : 4828
total_water_hetatm    : 273
kept_water_hetatm     : 273
total_other_hetatm    : 72
kept_other_hetatm     : 72
requested_start       : 16
requested_end         : 243
observed_start        : 16
observed_end          : 243
start_missing         : False
end_missing           : False

════════════════════════════════════════════════════════════════════════════════════════════════════
[2026-05-17 14:43:53] download_and_prepare_pdb_file:done
────────────────────────────────────────────────────────────────────────────────────────────────────
pdb_id          : 1A5H
residue_range   : '16-243'
requested_start : 16
requested_end   : 243
observed_start  : 16
observed_end    : 243
start_missing   : False
end_missing     : False

════════════════════════════════════════════════════════════════════════════════════════════════════
[2026-05-17 14:43:53] download_and_prepare_pdb_file:cleanup
────────────────────────────────────────────────────────────────────────────────────────────────────
removed_temporary_raw_pdb_path : /home/grheco/repositorios/stack_protein_prep/data/proteins/1A5H/1A5H.raw.pdb

════════════════════════════════════════════════════════════════════════════════════════════════════
[2026-05-17 14:43:53] download_missing_pdb_files:summary
────────────────────────────────────────────────────────────────────────────────────────────────────
pdb_id          : 1A5H
residue_range   : '16-243'
pdb_file_path   : /home/grheco/repositorios/stack_protein_prep/data/proteins/1A5H/1A5H.pdb
requested_start : 16
requested_end   : 243
observed_start  : 16
observed_end    : 243
start_missing   : False
end_missing     : False

════════════════════════════════════════════════════════════════════════════════════════════════════
[2026-05-17 14:43:53] download_and_prepare_pdb_file:start
────────────────────────────────────────────────────────────────────────────────────────────────────
pdb_id                 : 1B8O
residue_range          : '3-283'
temporary_raw_pdb_path : /home/grheco/repositorios/stack_protein_prep/data/proteins/1B8O/1B8O.raw.pdb
target_pdb_file_path   : /home/grheco/repositorios/stack_protein_prep/data/proteins/1B8O/1B8O.pdb
download_url           : https://files.rcsb.org/download/1B8O.pdb

════════════════════════════════════════════════════════════════════════════════════════════════════
[2026-05-17 14:43:55] download_and_prepare_pdb_file:downloaded_raw
────────────────────────────────────────────────────────────────────────────────────────────────────
temporary_raw_pdb_path : /home/grheco/repositorios/stack_protein_prep/data/proteins/1B8O/1B8O.raw.pdb
exists                 : True
size_bytes             : 234900

════════════════════════════════════════════════════════════════════════════════════════════════════
[2026-05-17 14:43:55] trim_pdb_to_residue_range
────────────────────────────────────────────────────────────────────────────────────────────────────
input_pdb_path        : /home/grheco/repositorios/stack_protein_prep/data/proteins/1B8O/1B8O.raw.pdb
output_pdb_path       : /home/grheco/repositorios/stack_protein_prep/data/proteins/1B8O/1B8O.pdb
residue_range         : '3-283'
parsed_start          : 3
parsed_end            : 283
total_atom_lines      : 2199
kept_atom_lines       : 2199
total_water_hetatm    : 197
kept_water_hetatm     : 197
total_other_hetatm    : 25
kept_other_hetatm     : 25
requested_start       : 3
requested_end         : 283
observed_start        : 3
observed_end          : 282
start_missing         : False
end_missing           : True

════════════════════════════════════════════════════════════════════════════════════════════════════
[2026-05-17 14:43:55] download_and_prepare_pdb_file:done
────────────────────────────────────────────────────────────────────────────────────────────────────
pdb_id          : 1B8O
residue_range   : '3-283'
requested_start : 3
requested_end   : 283
observed_start  : 3
observed_end    : 282
start_missing   : False
end_missing     : True

════════════════════════════════════════════════════════════════════════════════════════════════════
[2026-05-17 14:43:55] download_and_prepare_pdb_file:cleanup
────────────────────────────────────────────────────────────────────────────────────────────────────
removed_temporary_raw_pdb_path : /home/grheco/repositorios/stack_protein_prep/data/proteins/1B8O/1B8O.raw.pdb

════════════════════════════════════════════════════════════════════════════════════════════════════
[2026-05-17 14:43:55] download_missing_pdb_files:summary
────────────────────────────────────────────────────────────────────────────────────────────────────
pdb_id          : 1B8O
residue_range   : '3-283'
pdb_file_path   : /home/grheco/repositorios/stack_protein_prep/data/proteins/1B8O/1B8O.pdb
requested_start : 3
requested_end   : 283
observed_start  : 3
observed_end    : 282
start_missing   : False
end_missing     : True

════════════════════════════════════════════════════════════════════════════════════════════════════
[2026-05-17 14:43:55] download_and_prepare_pdb_file:start
────────────────────────────────────────────────────────────────────────────────────────────────────
pdb_id                 : 1F0R
residue_range          : '16-50'
temporary_raw_pdb_path : /home/grheco/repositorios/stack_protein_prep/data/proteins/1F0R/1F0R.raw.pdb
target_pdb_file_path   : /home/grheco/repositorios/stack_protein_prep/data/proteins/1F0R/1F0R.pdb
download_url           : https://files.rcsb.org/download/1F0R.pdb

════════════════════════════════════════════════════════════════════════════════════════════════════
[2026-05-17 14:43:56] download_and_prepare_pdb_file:downloaded_raw
────────────────────────────────────────────────────────────────────────────────────────────────────
temporary_raw_pdb_path : /home/grheco/repositorios/stack_protein_prep/data/proteins/1F0R/1F0R.raw.pdb
exists                 : True
size_bytes             : 244458

════════════════════════════════════════════════════════════════════════════════════════════════════
[2026-05-17 14:43:56] trim_pdb_to_residue_range
────────────────────────────────────────────────────────────────────────────────────────────────────
input_pdb_path        : /home/grheco/repositorios/stack_protein_prep/data/proteins/1F0R/1F0R.raw.pdb
output_pdb_path       : /home/grheco/repositorios/stack_protein_prep/data/proteins/1F0R/1F0R.pdb
residue_range         : '16-50'
parsed_start          : 16
parsed_end            : 50
total_atom_lines      : 2227
kept_atom_lines       : 514
total_water_hetatm    : 170
kept_water_hetatm     : 170
total_other_hetatm    : 32
kept_other_hetatm     : 32
requested_start       : 16
requested_end         : 50
observed_start        : 16
observed_end          : 50
start_missing         : False
end_missing           : False

════════════════════════════════════════════════════════════════════════════════════════════════════
[2026-05-17 14:43:56] download_and_prepare_pdb_file:done
────────────────────────────────────────────────────────────────────────────────────────────────────
pdb_id          : 1F0R
residue_range   : '16-50'
requested_start : 16
requested_end   : 50
observed_start  : 16
observed_end    : 50
start_missing   : False
end_missing     : False

════════════════════════════════════════════════════════════════════════════════════════════════════
[2026-05-17 14:43:56] download_and_prepare_pdb_file:cleanup
────────────────────────────────────────────────────────────────────────────────────────────────────
removed_temporary_raw_pdb_path : /home/grheco/repositorios/stack_protein_prep/data/proteins/1F0R/1F0R.raw.pdb

════════════════════════════════════════════════════════════════════════════════════════════════════
[2026-05-17 14:43:56] download_missing_pdb_files:summary
────────────────────────────────────────────────────────────────────────────────────────────────────
pdb_id          : 1F0R
residue_range   : '16-50'
pdb_file_path   : /home/grheco/repositorios/stack_protein_prep/data/proteins/1F0R/1F0R.pdb
requested_start : 16
requested_end   : 50
observed_start  : 16
observed_end    : 50
start_missing   : False
end_missing     : False

════════════════════════════════════════════════════════════════════════════════════════════════════
[2026-05-17 14:43:56] download_and_prepare_pdb_file:start
────────────────────────────────────────────────────────────────────────────────────────────────────
pdb_id                 : 1I00
residue_range          : '6-306'
temporary_raw_pdb_path : /home/grheco/repositorios/stack_protein_prep/data/proteins/1I00/1I00.raw.pdb
target_pdb_file_path   : /home/grheco/repositorios/stack_protein_prep/data/proteins/1I00/1I00.pdb
download_url           : https://files.rcsb.org/download/1I00.pdb

════════════════════════════════════════════════════════════════════════════════════════════════════
[2026-05-17 14:43:57] download_and_prepare_pdb_file:downloaded_raw
────────────────────────────────────────────────────────────────────────────────────────────────────
temporary_raw_pdb_path : /home/grheco/repositorios/stack_protein_prep/data/proteins/1I00/1I00.raw.pdb
exists                 : True
size_bytes             : 433593

════════════════════════════════════════════════════════════════════════════════════════════════════
[2026-05-17 14:43:57] trim_pdb_to_residue_range
────────────────────────────────────────────────────────────────────────────────────────────────────
input_pdb_path        : /home/grheco/repositorios/stack_protein_prep/data/proteins/1I00/1I00.raw.pdb
output_pdb_path       : /home/grheco/repositorios/stack_protein_prep/data/proteins/1I00/1I00.pdb
residue_range         : '6-306'
parsed_start          : 6
parsed_end            : 306
total_atom_lines      : 4520
kept_atom_lines       : 4520
total_water_hetatm    : 110
kept_water_hetatm     : 110
total_other_hetatm    : 104
kept_other_hetatm     : 104
requested_start       : 6
requested_end         : 306
observed_start        : 6
observed_end          : 306
start_missing         : False
end_missing           : False

════════════════════════════════════════════════════════════════════════════════════════════════════
[2026-05-17 14:43:57] download_and_prepare_pdb_file:done
────────────────────────────────────────────────────────────────────────────────────────────────────
pdb_id          : 1I00
residue_range   : '6-306'
requested_start : 6
requested_end   : 306
observed_start  : 6
observed_end    : 306
start_missing   : False
end_missing     : False

════════════════════════════════════════════════════════════════════════════════════════════════════
[2026-05-17 14:43:57] download_and_prepare_pdb_file:cleanup
────────────────────────────────────────────────────────────────────────────────────────────────────
removed_temporary_raw_pdb_path : /home/grheco/repositorios/stack_protein_prep/data/proteins/1I00/1I00.raw.pdb

════════════════════════════════════════════════════════════════════════════════════════════════════
[2026-05-17 14:43:57] download_missing_pdb_files:summary
────────────────────────────────────────────────────────────────────────────────────────────────────
pdb_id          : 1I00
residue_range   : '6-306'
pdb_file_path   : /home/grheco/repositorios/stack_protein_prep/data/proteins/1I00/1I00.pdb
requested_start : 6
requested_end   : 306
observed_start  : 6
observed_end    : 306
start_missing   : False
end_missing     : False

════════════════════════════════════════════════════════════════════════════════════════════════════
[2026-05-17 14:43:57] download_and_prepare_pdb_file:start
────────────────────────────────────────────────────────────────────────────────────────────────────
pdb_id                 : 1UOU
residue_range          : '33-480'
temporary_raw_pdb_path : /home/grheco/repositorios/stack_protein_prep/data/proteins/1UOU/1UOU.raw.pdb
target_pdb_file_path   : /home/grheco/repositorios/stack_protein_prep/data/proteins/1UOU/1UOU.pdb
download_url           : https://files.rcsb.org/download/1UOU.pdb

════════════════════════════════════════════════════════════════════════════════════════════════════
[2026-05-17 14:43:58] download_and_prepare_pdb_file:downloaded_raw
────────────────────────────────────────────────────────────────────────────────────────────────────
temporary_raw_pdb_path : /home/grheco/repositorios/stack_protein_prep/data/proteins/1UOU/1UOU.raw.pdb
exists                 : True
size_bytes             : 303588

════════════════════════════════════════════════════════════════════════════════════════════════════
[2026-05-17 14:43:58] trim_pdb_to_residue_range
────────────────────────────────────────────────────────────────────────────────────────────────────
input_pdb_path        : /home/grheco/repositorios/stack_protein_prep/data/proteins/1UOU/1UOU.raw.pdb
output_pdb_path       : /home/grheco/repositorios/stack_protein_prep/data/proteins/1UOU/1UOU.pdb
residue_range         : '33-480'
parsed_start          : 33
parsed_end            : 480
total_atom_lines      : 3197
kept_atom_lines       : 3197
total_water_hetatm    : 75
kept_water_hetatm     : 75
total_other_hetatm    : 16
kept_other_hetatm     : 16
requested_start       : 33
requested_end         : 480
observed_start        : 33
observed_end          : 480
start_missing         : False
end_missing           : False

════════════════════════════════════════════════════════════════════════════════════════════════════
[2026-05-17 14:43:58] download_and_prepare_pdb_file:done
────────────────────────────────────────────────────────────────────────────────────────────────────
pdb_id          : 1UOU
residue_range   : '33-480'
requested_start : 33
requested_end   : 480
observed_start  : 33
observed_end    : 480
start_missing   : False
end_missing     : False

════════════════════════════════════════════════════════════════════════════════════════════════════
[2026-05-17 14:43:58] download_and_prepare_pdb_file:cleanup
────────────────────────────────────────────────────────────────────────────────────────────────────
removed_temporary_raw_pdb_path : /home/grheco/repositorios/stack_protein_prep/data/proteins/1UOU/1UOU.raw.pdb

════════════════════════════════════════════════════════════════════════════════════════════════════
[2026-05-17 14:43:58] download_missing_pdb_files:summary
────────────────────────────────────────────────────────────────────────────────────────────────────
pdb_id          : 1UOU
residue_range   : '33-480'
pdb_file_path   : /home/grheco/repositorios/stack_protein_prep/data/proteins/1UOU/1UOU.pdb
requested_start : 33
requested_end   : 480
observed_start  : 33
observed_end    : 480
start_missing   : False
end_missing     : False

════════════════════════════════════════════════════════════════════════════════════════════════════
[2026-05-17 14:43:58] download_and_prepare_pdb_file:start
────────────────────────────────────────────────────────────────────────────────────────────────────
pdb_id                 : 1W4R
residue_range          : '18-191'
temporary_raw_pdb_path : /home/grheco/repositorios/stack_protein_prep/data/proteins/1W4R/1W4R.raw.pdb
target_pdb_file_path   : /home/grheco/repositorios/stack_protein_prep/data/proteins/1W4R/1W4R.pdb
download_url           : https://files.rcsb.org/download/1W4R.pdb

════════════════════════════════════════════════════════════════════════════════════════════════════
[2026-05-17 14:44:00] download_and_prepare_pdb_file:downloaded_raw
────────────────────────────────────────────────────────────────────────────────────────────────────
temporary_raw_pdb_path : /home/grheco/repositorios/stack_protein_prep/data/proteins/1W4R/1W4R.raw.pdb
exists                 : True
size_bytes             : 1079892

════════════════════════════════════════════════════════════════════════════════════════════════════
[2026-05-17 14:44:00] trim_pdb_to_residue_range
────────────────────────────────────────────────────────────────────────────────────────────────────
input_pdb_path        : /home/grheco/repositorios/stack_protein_prep/data/proteins/1W4R/1W4R.raw.pdb
output_pdb_path       : /home/grheco/repositorios/stack_protein_prep/data/proteins/1W4R/1W4R.pdb
residue_range         : '18-191'
parsed_start          : 18
parsed_end            : 191
total_atom_lines      : 10203
kept_atom_lines       : 10203
total_water_hetatm    : 794
kept_water_hetatm     : 794
total_other_hetatm    : 480
kept_other_hetatm     : 480
requested_start       : 18
requested_end         : 191
observed_start        : 18
observed_end          : 191
start_missing         : False
end_missing           : False

════════════════════════════════════════════════════════════════════════════════════════════════════
[2026-05-17 14:44:00] download_and_prepare_pdb_file:done
────────────────────────────────────────────────────────────────────────────────────────────────────
pdb_id          : 1W4R
residue_range   : '18-191'
requested_start : 18
requested_end   : 191
observed_start  : 18
observed_end    : 191
start_missing   : False
end_missing     : False

════════════════════════════════════════════════════════════════════════════════════════════════════
[2026-05-17 14:44:00] download_and_prepare_pdb_file:cleanup
────────────────────────────────────────────────────────────────────────────────────────────────────
removed_temporary_raw_pdb_path : /home/grheco/repositorios/stack_protein_prep/data/proteins/1W4R/1W4R.raw.pdb

════════════════════════════════════════════════════════════════════════════════════════════════════
[2026-05-17 14:44:00] download_missing_pdb_files:summary
────────────────────────────────────────────────────────────────────────────────────────────────────
pdb_id          : 1W4R
residue_range   : '18-191'
pdb_file_path   : /home/grheco/repositorios/stack_protein_prep/data/proteins/1W4R/1W4R.pdb
requested_start : 18
requested_end   : 191
observed_start  : 18
observed_end    : 191
start_missing   : False
end_missing     : False

════════════════════════════════════════════════════════════════════════════════════════════════════
[2026-05-17 14:44:00] download_and_prepare_pdb_file:start
────────────────────────────────────────────────────────────────────────────────────────────────────
pdb_id                 : 2AFX
residue_range          : '33-361'
temporary_raw_pdb_path : /home/grheco/repositorios/stack_protein_prep/data/proteins/2AFX/2AFX.raw.pdb
target_pdb_file_path   : /home/grheco/repositorios/stack_protein_prep/data/proteins/2AFX/2AFX.pdb
download_url           : https://files.rcsb.org/download/2AFX.pdb

════════════════════════════════════════════════════════════════════════════════════════════════════
[2026-05-17 14:44:02] download_and_prepare_pdb_file:downloaded_raw
────────────────────────────────────────────────────────────────────────────────────────────────────
temporary_raw_pdb_path : /home/grheco/repositorios/stack_protein_prep/data/proteins/2AFX/2AFX.raw.pdb
exists                 : True
size_bytes             : 528201

════════════════════════════════════════════════════════════════════════════════════════════════════
[2026-05-17 14:44:02] trim_pdb_to_residue_range
────────────────────────────────────────────────────────────────────────────────────────────────────
input_pdb_path        : /home/grheco/repositorios/stack_protein_prep/data/proteins/2AFX/2AFX.raw.pdb
output_pdb_path       : /home/grheco/repositorios/stack_protein_prep/data/proteins/2AFX/2AFX.pdb
residue_range         : '33-361'
parsed_start          : 33
parsed_end            : 361
total_atom_lines      : 5220
kept_atom_lines       : 5220
total_water_hetatm    : 591
kept_water_hetatm     : 591
total_other_hetatm    : 36
kept_other_hetatm     : 36
requested_start       : 33
requested_end         : 361
observed_start        : 33
observed_end          : 361
start_missing         : False
end_missing           : False

════════════════════════════════════════════════════════════════════════════════════════════════════
[2026-05-17 14:44:02] download_and_prepare_pdb_file:done
────────────────────────────────────────────────────────────────────────────────────────────────────
pdb_id          : 2AFX
residue_range   : '33-361'
requested_start : 33
requested_end   : 361
observed_start  : 33
observed_end    : 361
start_missing   : False
end_missing     : False

════════════════════════════════════════════════════════════════════════════════════════════════════
[2026-05-17 14:44:02] download_and_prepare_pdb_file:cleanup
────────────────────────────────────────────────────────────────────────────────────────────────────
removed_temporary_raw_pdb_path : /home/grheco/repositorios/stack_protein_prep/data/proteins/2AFX/2AFX.raw.pdb

════════════════════════════════════════════════════════════════════════════════════════════════════
[2026-05-17 14:44:02] download_missing_pdb_files:summary
────────────────────────────────────────────────────────────────────────────────────────────────────
pdb_id          : 2AFX
residue_range   : '33-361'
pdb_file_path   : /home/grheco/repositorios/stack_protein_prep/data/proteins/2AFX/2AFX.pdb
requested_start : 33
requested_end   : 361
observed_start  : 33
observed_end    : 361
start_missing   : False
end_missing     : False

════════════════════════════════════════════════════════════════════════════════════════════════════
[2026-05-17 14:44:02] download_and_prepare_pdb_file:start
────────────────────────────────────────────────────────────────────────────────────────────────────
pdb_id                 : 2P1T
residue_range          : '229-458'
temporary_raw_pdb_path : /home/grheco/repositorios/stack_protein_prep/data/proteins/2P1T/2P1T.raw.pdb
target_pdb_file_path   : /home/grheco/repositorios/stack_protein_prep/data/proteins/2P1T/2P1T.pdb
download_url           : https://files.rcsb.org/download/2P1T.pdb

════════════════════════════════════════════════════════════════════════════════════════════════════
[2026-05-17 14:44:03] download_and_prepare_pdb_file:downloaded_raw
────────────────────────────────────────────────────────────────────────────────────────────────────
temporary_raw_pdb_path : /home/grheco/repositorios/stack_protein_prep/data/proteins/2P1T/2P1T.raw.pdb
exists                 : True
size_bytes             : 191241

════════════════════════════════════════════════════════════════════════════════════════════════════
[2026-05-17 14:44:03] trim_pdb_to_residue_range
────────────────────────────────────────────────────────────────────────────────────────────────────
input_pdb_path        : /home/grheco/repositorios/stack_protein_prep/data/proteins/2P1T/2P1T.raw.pdb
output_pdb_path       : /home/grheco/repositorios/stack_protein_prep/data/proteins/2P1T/2P1T.pdb
residue_range         : '229-458'
parsed_start          : 229
parsed_end            : 458
total_atom_lines      : 1751
kept_atom_lines       : 1665
total_water_hetatm    : 112
kept_water_hetatm     : 112
total_other_hetatm    : 28
kept_other_hetatm     : 28
requested_start       : 229
requested_end         : 458
observed_start        : 229
observed_end          : 458
start_missing         : False
end_missing           : False

════════════════════════════════════════════════════════════════════════════════════════════════════
[2026-05-17 14:44:03] download_and_prepare_pdb_file:done
────────────────────────────────────────────────────────────────────────────────────────────────────
pdb_id          : 2P1T
residue_range   : '229-458'
requested_start : 229
requested_end   : 458
observed_start  : 229
observed_end    : 458
start_missing   : False
end_missing     : False

════════════════════════════════════════════════════════════════════════════════════════════════════
[2026-05-17 14:44:03] download_and_prepare_pdb_file:cleanup
────────────────────────────────────────────────────────────────────────────────────────────────────
removed_temporary_raw_pdb_path : /home/grheco/repositorios/stack_protein_prep/data/proteins/2P1T/2P1T.raw.pdb

════════════════════════════════════════════════════════════════════════════════════════════════════
[2026-05-17 14:44:03] download_missing_pdb_files:summary
────────────────────────────────────────────────────────────────────────────────────────────────────
pdb_id          : 2P1T
residue_range   : '229-458'
pdb_file_path   : /home/grheco/repositorios/stack_protein_prep/data/proteins/2P1T/2P1T.pdb
requested_start : 229
requested_end   : 458
observed_start  : 229
observed_end    : 458
start_missing   : False
end_missing     : False

════════════════════════════════════════════════════════════════════════════════════════════════════
[2026-05-17 14:44:03] download_and_prepare_pdb_file:start
────────────────────────────────────────────────────────────────────────────────────────────────────
pdb_id                 : 2W8Y
residue_range          : '683-933'
temporary_raw_pdb_path : /home/grheco/repositorios/stack_protein_prep/data/proteins/2W8Y/2W8Y.raw.pdb
target_pdb_file_path   : /home/grheco/repositorios/stack_protein_prep/data/proteins/2W8Y/2W8Y.pdb
download_url           : https://files.rcsb.org/download/2W8Y.pdb

════════════════════════════════════════════════════════════════════════════════════════════════════
[2026-05-17 14:44:04] download_and_prepare_pdb_file:downloaded_raw
────────────────────────────────────────────────────────────────────────────────────────────────────
temporary_raw_pdb_path : /home/grheco/repositorios/stack_protein_prep/data/proteins/2W8Y/2W8Y.raw.pdb
exists                 : True
size_bytes             : 402570

════════════════════════════════════════════════════════════════════════════════════════════════════
[2026-05-17 14:44:04] trim_pdb_to_residue_range
────────────────────────────────────────────────────────────────────────────────────────────────────
input_pdb_path        : /home/grheco/repositorios/stack_protein_prep/data/proteins/2W8Y/2W8Y.raw.pdb
output_pdb_path       : /home/grheco/repositorios/stack_protein_prep/data/proteins/2W8Y/2W8Y.pdb
residue_range         : '683-933'
parsed_start          : 683
parsed_end            : 933
total_atom_lines      : 4107
kept_atom_lines       : 4107
total_water_hetatm    : 200
kept_water_hetatm     : 200
total_other_hetatm    : 63
kept_other_hetatm     : 63
requested_start       : 683
requested_end         : 933
observed_start        : 683
observed_end          : 933
start_missing         : False
end_missing           : False

════════════════════════════════════════════════════════════════════════════════════════════════════
[2026-05-17 14:44:04] download_and_prepare_pdb_file:done
────────────────────────────────────────────────────────────────────────────────────────────────────
pdb_id          : 2W8Y
residue_range   : '683-933'
requested_start : 683
requested_end   : 933
observed_start  : 683
observed_end    : 933
start_missing   : False
end_missing     : False

════════════════════════════════════════════════════════════════════════════════════════════════════
[2026-05-17 14:44:04] download_and_prepare_pdb_file:cleanup
────────────────────────────────────────────────────────────────────────────────────────────────────
removed_temporary_raw_pdb_path : /home/grheco/repositorios/stack_protein_prep/data/proteins/2W8Y/2W8Y.raw.pdb

════════════════════════════════════════════════════════════════════════════════════════════════════
[2026-05-17 14:44:04] download_missing_pdb_files:summary
────────────────────────────────────────────────────────────────────────────────────────────────────
pdb_id          : 2W8Y
residue_range   : '683-933'
pdb_file_path   : /home/grheco/repositorios/stack_protein_prep/data/proteins/2W8Y/2W8Y.pdb
requested_start : 683
requested_end   : 933
observed_start  : 683
observed_end    : 933
start_missing   : False
end_missing     : False

════════════════════════════════════════════════════════════════════════════════════════════════════
[2026-05-17 14:44:04] download_and_prepare_pdb_file:start
────────────────────────────────────────────────────────────────────────────────────────────────────
pdb_id                 : 2WCG
residue_range          : '0-497'
temporary_raw_pdb_path : /home/grheco/repositorios/stack_protein_prep/data/proteins/2WCG/2WCG.raw.pdb
target_pdb_file_path   : /home/grheco/repositorios/stack_protein_prep/data/proteins/2WCG/2WCG.pdb
download_url           : https://files.rcsb.org/download/2WCG.pdb

════════════════════════════════════════════════════════════════════════════════════════════════════
[2026-05-17 14:44:06] download_and_prepare_pdb_file:downloaded_raw
────────────────────────────────────────────────────────────────────────────────────────────────────
temporary_raw_pdb_path : /home/grheco/repositorios/stack_protein_prep/data/proteins/2WCG/2WCG.raw.pdb
exists                 : True
size_bytes             : 781002

════════════════════════════════════════════════════════════════════════════════════════════════════
[2026-05-17 14:44:06] trim_pdb_to_residue_range
────────────────────────────────────────────────────────────────────────────────────────────────────
input_pdb_path        : /home/grheco/repositorios/stack_protein_prep/data/proteins/2WCG/2WCG.raw.pdb
output_pdb_path       : /home/grheco/repositorios/stack_protein_prep/data/proteins/2WCG/2WCG.pdb
residue_range         : '0-497'
parsed_start          : 0
parsed_end            : 497
total_atom_lines      : 7743
kept_atom_lines       : 7735
total_water_hetatm    : 741
kept_water_hetatm     : 741
total_other_hetatm    : 188
kept_other_hetatm     : 188
requested_start       : 0
requested_end         : 497
observed_start        : 0
observed_end          : 497
start_missing         : False
end_missing           : False

════════════════════════════════════════════════════════════════════════════════════════════════════
[2026-05-17 14:44:06] download_and_prepare_pdb_file:done
────────────────────────────────────────────────────────────────────────────────────────────────────
pdb_id          : 2WCG
residue_range   : '0-497'
requested_start : 0
requested_end   : 497
observed_start  : 0
observed_end    : 497
start_missing   : False
end_missing     : False

════════════════════════════════════════════════════════════════════════════════════════════════════
[2026-05-17 14:44:06] download_and_prepare_pdb_file:cleanup
────────────────────────────────────────────────────────────────────────────────────────────────────
removed_temporary_raw_pdb_path : /home/grheco/repositorios/stack_protein_prep/data/proteins/2WCG/2WCG.raw.pdb

════════════════════════════════════════════════════════════════════════════════════════════════════
[2026-05-17 14:44:06] download_missing_pdb_files:summary
────────────────────────────────────────────────────────────────────────────────────────────────────
pdb_id          : 2WCG
residue_range   : '0-497'
pdb_file_path   : /home/grheco/repositorios/stack_protein_prep/data/proteins/2WCG/2WCG.pdb
requested_start : 0
requested_end   : 497
observed_start  : 0
observed_end    : 497
start_missing   : False
end_missing     : False

════════════════════════════════════════════════════════════════════════════════════════════════════
[2026-05-17 14:44:06] download_and_prepare_pdb_file:start
────────────────────────────────────────────────────────────────────────────────────────────────────
pdb_id                 : 3BC3
residue_range          : '1-220'
temporary_raw_pdb_path : /home/grheco/repositorios/stack_protein_prep/data/proteins/3BC3/3BC3.raw.pdb
target_pdb_file_path   : /home/grheco/repositorios/stack_protein_prep/data/proteins/3BC3/3BC3.pdb
download_url           : https://files.rcsb.org/download/3BC3.pdb

════════════════════════════════════════════════════════════════════════════════════════════════════
[2026-05-17 14:44:07] download_and_prepare_pdb_file:downloaded_raw
────────────────────────────────────────────────────────────────────────────────────────────────────
temporary_raw_pdb_path : /home/grheco/repositorios/stack_protein_prep/data/proteins/3BC3/3BC3.raw.pdb
exists                 : True
size_bytes             : 363771

════════════════════════════════════════════════════════════════════════════════════════════════════
[2026-05-17 14:44:07] trim_pdb_to_residue_range
────────────────────────────────────────────────────────────────────────────────────────────────────
input_pdb_path        : /home/grheco/repositorios/stack_protein_prep/data/proteins/3BC3/3BC3.raw.pdb
output_pdb_path       : /home/grheco/repositorios/stack_protein_prep/data/proteins/3BC3/3BC3.pdb
residue_range         : '1-220'
parsed_start          : 1
parsed_end            : 220
total_atom_lines      : 3306
kept_atom_lines       : 3306
total_water_hetatm    : 423
kept_water_hetatm     : 423
total_other_hetatm    : 136
kept_other_hetatm     : 136
requested_start       : 1
requested_end         : 220
observed_start        : 1
observed_end          : 220
start_missing         : False
end_missing           : False

════════════════════════════════════════════════════════════════════════════════════════════════════
[2026-05-17 14:44:07] download_and_prepare_pdb_file:done
────────────────────────────────────────────────────────────────────────────────────────────────────
pdb_id          : 3BC3
residue_range   : '1-220'
requested_start : 1
requested_end   : 220
observed_start  : 1
observed_end    : 220
start_missing   : False
end_missing     : False

════════════════════════════════════════════════════════════════════════════════════════════════════
[2026-05-17 14:44:07] download_and_prepare_pdb_file:cleanup
────────────────────────────────────────────────────────────────────────────────────────────────────
removed_temporary_raw_pdb_path : /home/grheco/repositorios/stack_protein_prep/data/proteins/3BC3/3BC3.raw.pdb

════════════════════════════════════════════════════════════════════════════════════════════════════
[2026-05-17 14:44:07] download_missing_pdb_files:summary
────────────────────────────────────────────────────────────────────────────────────────────────────
pdb_id          : 3BC3
residue_range   : '1-220'
pdb_file_path   : /home/grheco/repositorios/stack_protein_prep/data/proteins/3BC3/3BC3.pdb
requested_start : 1
requested_end   : 220
observed_start  : 1
observed_end    : 220
start_missing   : False
end_missing     : False

════════════════════════════════════════════════════════════════════════════════════════════════════
[2026-05-17 14:44:07] download_and_prepare_pdb_file:start
────────────────────────────────────────────────────────────────────────────────────────────────────
pdb_id                 : 3EWJ
residue_range          : '220-474'
temporary_raw_pdb_path : /home/grheco/repositorios/stack_protein_prep/data/proteins/3EWJ/3EWJ.raw.pdb
target_pdb_file_path   : /home/grheco/repositorios/stack_protein_prep/data/proteins/3EWJ/3EWJ.pdb
download_url           : https://files.rcsb.org/download/3EWJ.pdb

════════════════════════════════════════════════════════════════════════════════════════════════════
[2026-05-17 14:44:08] download_and_prepare_pdb_file:downloaded_raw
────────────────────────────────────────────────────────────────────────────────────────────────────
temporary_raw_pdb_path : /home/grheco/repositorios/stack_protein_prep/data/proteins/3EWJ/3EWJ.raw.pdb
exists                 : True
size_bytes             : 418446

════════════════════════════════════════════════════════════════════════════════════════════════════
[2026-05-17 14:44:08] trim_pdb_to_residue_range
────────────────────────────────────────────────────────────────────────────────────────────────────
input_pdb_path        : /home/grheco/repositorios/stack_protein_prep/data/proteins/3EWJ/3EWJ.raw.pdb
output_pdb_path       : /home/grheco/repositorios/stack_protein_prep/data/proteins/3EWJ/3EWJ.pdb
residue_range         : '220-474'
parsed_start          : 220
parsed_end            : 474
total_atom_lines      : 4001
kept_atom_lines       : 3981
total_water_hetatm    : 430
kept_water_hetatm     : 430
total_other_hetatm    : 66
kept_other_hetatm     : 66
requested_start       : 220
requested_end         : 474
observed_start        : 220
observed_end          : 474
start_missing         : False
end_missing           : False

════════════════════════════════════════════════════════════════════════════════════════════════════
[2026-05-17 14:44:08] download_and_prepare_pdb_file:done
────────────────────────────────────────────────────────────────────────────────────────────────────
pdb_id          : 3EWJ
residue_range   : '220-474'
requested_start : 220
requested_end   : 474
observed_start  : 220
observed_end    : 474
start_missing   : False
end_missing     : False

════════════════════════════════════════════════════════════════════════════════════════════════════
[2026-05-17 14:44:08] download_and_prepare_pdb_file:cleanup
────────────────────────────────────────────────────────────────────────────────────────────────────
removed_temporary_raw_pdb_path : /home/grheco/repositorios/stack_protein_prep/data/proteins/3EWJ/3EWJ.raw.pdb

════════════════════════════════════════════════════════════════════════════════════════════════════
[2026-05-17 14:44:08] download_missing_pdb_files:summary
────────────────────────────────────────────────────────────────────────────────────────────────────
pdb_id          : 3EWJ
residue_range   : '220-474'
pdb_file_path   : /home/grheco/repositorios/stack_protein_prep/data/proteins/3EWJ/3EWJ.pdb
requested_start : 220
requested_end   : 474
observed_start  : 220
observed_end    : 474
start_missing   : False
end_missing     : False

════════════════════════════════════════════════════════════════════════════════════════════════════
[2026-05-17 14:44:08] download_and_prepare_pdb_file:start
────────────────────────────────────────────────────────────────────────────────────────────────────
pdb_id                 : 3FDN
residue_range          : '126-394'
temporary_raw_pdb_path : /home/grheco/repositorios/stack_protein_prep/data/proteins/3FDN/3FDN.raw.pdb
target_pdb_file_path   : /home/grheco/repositorios/stack_protein_prep/data/proteins/3FDN/3FDN.pdb
download_url           : https://files.rcsb.org/download/3FDN.pdb

════════════════════════════════════════════════════════════════════════════════════════════════════
[2026-05-17 14:44:09] download_and_prepare_pdb_file:downloaded_raw
────────────────────────────────────────────────────────────────────────────────────────────────────
temporary_raw_pdb_path : /home/grheco/repositorios/stack_protein_prep/data/proteins/3FDN/3FDN.raw.pdb
exists                 : True
size_bytes             : 230931

════════════════════════════════════════════════════════════════════════════════════════════════════
[2026-05-17 14:44:09] trim_pdb_to_residue_range
────────────────────────────────────────────────────────────────────────────────────────────────────
input_pdb_path        : /home/grheco/repositorios/stack_protein_prep/data/proteins/3FDN/3FDN.raw.pdb
output_pdb_path       : /home/grheco/repositorios/stack_protein_prep/data/proteins/3FDN/3FDN.pdb
residue_range         : '126-394'
parsed_start          : 126
parsed_end            : 394
total_atom_lines      : 2134
kept_atom_lines       : 2134
total_water_hetatm    : 199
kept_water_hetatm     : 199
total_other_hetatm    : 30
kept_other_hetatm     : 30
requested_start       : 126
requested_end         : 394
observed_start        : 126
observed_end          : 394
start_missing         : False
end_missing           : False

════════════════════════════════════════════════════════════════════════════════════════════════════
[2026-05-17 14:44:09] download_and_prepare_pdb_file:done
────────────────────────────────────────────────────────────────────────────────────────────────────
pdb_id          : 3FDN
residue_range   : '126-394'
requested_start : 126
requested_end   : 394
observed_start  : 126
observed_end    : 394
start_missing   : False
end_missing     : False

════════════════════════════════════════════════════════════════════════════════════════════════════
[2026-05-17 14:44:09] download_and_prepare_pdb_file:cleanup
────────────────────────────────────────────────────────────────────────────────────────────────────
removed_temporary_raw_pdb_path : /home/grheco/repositorios/stack_protein_prep/data/proteins/3FDN/3FDN.raw.pdb

════════════════════════════════════════════════════════════════════════════════════════════════════
[2026-05-17 14:44:09] download_missing_pdb_files:summary
────────────────────────────────────────────────────────────────────────────────────────────────────
pdb_id          : 3FDN
residue_range   : '126-394'
pdb_file_path   : /home/grheco/repositorios/stack_protein_prep/data/proteins/3FDN/3FDN.pdb
requested_start : 126
requested_end   : 394
observed_start  : 126
observed_end    : 394
start_missing   : False
end_missing     : False

════════════════════════════════════════════════════════════════════════════════════════════════════
[2026-05-17 14:44:09] download_and_prepare_pdb_file:start
────────────────────────────────────────────────────────────────────────────────────────────────────
pdb_id                 : 3FRG
residue_range          : '153-505'
temporary_raw_pdb_path : /home/grheco/repositorios/stack_protein_prep/data/proteins/3FRG/3FRG.raw.pdb
target_pdb_file_path   : /home/grheco/repositorios/stack_protein_prep/data/proteins/3FRG/3FRG.pdb
download_url           : https://files.rcsb.org/download/3FRG.pdb

════════════════════════════════════════════════════════════════════════════════════════════════════
[2026-05-17 14:44:10] download_and_prepare_pdb_file:downloaded_raw
────────────────────────────────────────────────────────────────────────────────────────────────────
temporary_raw_pdb_path : /home/grheco/repositorios/stack_protein_prep/data/proteins/3FRG/3FRG.raw.pdb
exists                 : True
size_bytes             : 297999

════════════════════════════════════════════════════════════════════════════════════════════════════
[2026-05-17 14:44:10] trim_pdb_to_residue_range
────────────────────────────────────────────────────────────────────────────────────────────────────
input_pdb_path        : /home/grheco/repositorios/stack_protein_prep/data/proteins/3FRG/3FRG.raw.pdb
output_pdb_path       : /home/grheco/repositorios/stack_protein_prep/data/proteins/3FRG/3FRG.pdb
residue_range         : '153-505'
parsed_start          : 153
parsed_end            : 505
total_atom_lines      : 2708
kept_atom_lines       : 2708
total_water_hetatm    : 325
kept_water_hetatm     : 325
total_other_hetatm    : 44
kept_other_hetatm     : 44
requested_start       : 153
requested_end         : 505
observed_start        : 153
observed_end          : 487
start_missing         : False
end_missing           : True

════════════════════════════════════════════════════════════════════════════════════════════════════
[2026-05-17 14:44:10] download_and_prepare_pdb_file:done
────────────────────────────────────────────────────────────────────────────────────────────────────
pdb_id          : 3FRG
residue_range   : '153-505'
requested_start : 153
requested_end   : 505
observed_start  : 153
observed_end    : 487
start_missing   : False
end_missing     : True

════════════════════════════════════════════════════════════════════════════════════════════════════
[2026-05-17 14:44:10] download_and_prepare_pdb_file:cleanup
────────────────────────────────────────────────────────────────────────────────────────────────────
removed_temporary_raw_pdb_path : /home/grheco/repositorios/stack_protein_prep/data/proteins/3FRG/3FRG.raw.pdb

════════════════════════════════════════════════════════════════════════════════════════════════════
[2026-05-17 14:44:10] download_missing_pdb_files:summary
────────────────────────────────────────────────────────────────────────────────────────────────────
pdb_id          : 3FRG
residue_range   : '153-505'
pdb_file_path   : /home/grheco/repositorios/stack_protein_prep/data/proteins/3FRG/3FRG.pdb
requested_start : 153
requested_end   : 505
observed_start  : 153
observed_end    : 487
start_missing   : False
end_missing     : True

════════════════════════════════════════════════════════════════════════════════════════════════════
[2026-05-17 14:44:10] download_and_prepare_pdb_file:start
────────────────────────────────────────────────────────────────────────────────────────────────────
pdb_id                 : 3K5E
residue_range          : '18-363'
temporary_raw_pdb_path : /home/grheco/repositorios/stack_protein_prep/data/proteins/3K5E/3K5E.raw.pdb
target_pdb_file_path   : /home/grheco/repositorios/stack_protein_prep/data/proteins/3K5E/3K5E.pdb
download_url           : https://files.rcsb.org/download/3K5E.pdb

════════════════════════════════════════════════════════════════════════════════════════════════════
[2026-05-17 14:44:11] download_and_prepare_pdb_file:downloaded_raw
────────────────────────────────────────────────────────────────────────────────────────────────────
temporary_raw_pdb_path : /home/grheco/repositorios/stack_protein_prep/data/proteins/3K5E/3K5E.raw.pdb
exists                 : True
size_bytes             : 522936

════════════════════════════════════════════════════════════════════════════════════════════════════
[2026-05-17 14:44:11] trim_pdb_to_residue_range
────────────────────────────────────────────────────────────────────────────────────────────────────
input_pdb_path        : /home/grheco/repositorios/stack_protein_prep/data/proteins/3K5E/3K5E.raw.pdb
output_pdb_path       : /home/grheco/repositorios/stack_protein_prep/data/proteins/3K5E/3K5E.pdb
residue_range         : '18-363'
parsed_start          : 18
parsed_end            : 363
total_atom_lines      : 5153
kept_atom_lines       : 5153
total_water_hetatm    : 454
kept_water_hetatm     : 454
total_other_hetatm    : 94
kept_other_hetatm     : 94
requested_start       : 18
requested_end         : 363
observed_start        : 18
observed_end          : 363
start_missing         : False
end_missing           : False

════════════════════════════════════════════════════════════════════════════════════════════════════
[2026-05-17 14:44:11] download_and_prepare_pdb_file:done
────────────────────────────────────────────────────────────────────────────────────────────────────
pdb_id          : 3K5E
residue_range   : '18-363'
requested_start : 18
requested_end   : 363
observed_start  : 18
observed_end    : 363
start_missing   : False
end_missing     : False

════════════════════════════════════════════════════════════════════════════════════════════════════
[2026-05-17 14:44:11] download_and_prepare_pdb_file:cleanup
────────────────────────────────────────────────────────────────────────────────────────────────────
removed_temporary_raw_pdb_path : /home/grheco/repositorios/stack_protein_prep/data/proteins/3K5E/3K5E.raw.pdb

════════════════════════════════════════════════════════════════════════════════════════════════════
[2026-05-17 14:44:11] download_missing_pdb_files:summary
────────────────────────────────────────────────────────────────────────────────────────────────────
pdb_id          : 3K5E
residue_range   : '18-363'
pdb_file_path   : /home/grheco/repositorios/stack_protein_prep/data/proteins/3K5E/3K5E.pdb
requested_start : 18
requested_end   : 363
observed_start  : 18
observed_end    : 363
start_missing   : False
end_missing     : False

════════════════════════════════════════════════════════════════════════════════════════════════════
[2026-05-17 14:44:11] download_and_prepare_pdb_file:start
────────────────────────────────────────────────────────────────────────────────────────────────────
pdb_id                 : 3L3M
residue_range          : '2-349'
temporary_raw_pdb_path : /home/grheco/repositorios/stack_protein_prep/data/proteins/3L3M/3L3M.raw.pdb
target_pdb_file_path   : /home/grheco/repositorios/stack_protein_prep/data/proteins/3L3M/3L3M.pdb
download_url           : https://files.rcsb.org/download/3L3M.pdb

════════════════════════════════════════════════════════════════════════════════════════════════════
[2026-05-17 14:44:12] download_and_prepare_pdb_file:downloaded_raw
────────────────────────────────────────────────────────────────────────────────────────────────────
temporary_raw_pdb_path : /home/grheco/repositorios/stack_protein_prep/data/proteins/3L3M/3L3M.raw.pdb
exists                 : True
size_bytes             : 270459

════════════════════════════════════════════════════════════════════════════════════════════════════
[2026-05-17 14:44:12] trim_pdb_to_residue_range
────────────────────────────────────────────────────────────────────────────────────────────────────
input_pdb_path        : /home/grheco/repositorios/stack_protein_prep/data/proteins/3L3M/3L3M.raw.pdb
output_pdb_path       : /home/grheco/repositorios/stack_protein_prep/data/proteins/3L3M/3L3M.pdb
residue_range         : '2-349'
parsed_start          : 2
parsed_end            : 349
total_atom_lines      : 2735
kept_atom_lines       : 2735
total_water_hetatm    : 116
kept_water_hetatm     : 116
total_other_hetatm    : 25
kept_other_hetatm     : 25
requested_start       : 2
requested_end         : 349
observed_start        : 2
observed_end          : 349
start_missing         : False
end_missing           : False

════════════════════════════════════════════════════════════════════════════════════════════════════
[2026-05-17 14:44:12] download_and_prepare_pdb_file:done
────────────────────────────────────────────────────────────────────────────────────────────────────
pdb_id          : 3L3M
residue_range   : '2-349'
requested_start : 2
requested_end   : 349
observed_start  : 2
observed_end    : 349
start_missing   : False
end_missing     : False

════════════════════════════════════════════════════════════════════════════════════════════════════
[2026-05-17 14:44:12] download_and_prepare_pdb_file:cleanup
────────────────────────────────────────────────────────────────────────────────────────────────────
removed_temporary_raw_pdb_path : /home/grheco/repositorios/stack_protein_prep/data/proteins/3L3M/3L3M.raw.pdb

════════════════════════════════════════════════════════════════════════════════════════════════════
[2026-05-17 14:44:12] download_missing_pdb_files:summary
────────────────────────────────────────────────────────────────────────────────────────────────────
pdb_id          : 3L3M
residue_range   : '2-349'
pdb_file_path   : /home/grheco/repositorios/stack_protein_prep/data/proteins/3L3M/3L3M.pdb
requested_start : 2
requested_end   : 349
observed_start  : 2
observed_end    : 349
start_missing   : False
end_missing     : False

════════════════════════════════════════════════════════════════════════════════════════════════════
[2026-05-17 14:44:12] download_and_prepare_pdb_file:start
────────────────────────────────────────────────────────────────────────────────────────────────────
pdb_id                 : 3LBK
residue_range          : '26-110'
temporary_raw_pdb_path : /home/grheco/repositorios/stack_protein_prep/data/proteins/3LBK/3LBK.raw.pdb
target_pdb_file_path   : /home/grheco/repositorios/stack_protein_prep/data/proteins/3LBK/3LBK.pdb
download_url           : https://files.rcsb.org/download/3LBK.pdb

════════════════════════════════════════════════════════════════════════════════════════════════════
[2026-05-17 14:44:13] download_and_prepare_pdb_file:downloaded_raw
────────────────────────────────────────────────────────────────────────────────────────────────────
temporary_raw_pdb_path : /home/grheco/repositorios/stack_protein_prep/data/proteins/3LBK/3LBK.raw.pdb
exists                 : True
size_bytes             : 97686

════════════════════════════════════════════════════════════════════════════════════════════════════
[2026-05-17 14:44:13] trim_pdb_to_residue_range
────────────────────────────────────────────────────────────────────────────────────────────────────
input_pdb_path        : /home/grheco/repositorios/stack_protein_prep/data/proteins/3LBK/3LBK.raw.pdb
output_pdb_path       : /home/grheco/repositorios/stack_protein_prep/data/proteins/3LBK/3LBK.pdb
residue_range         : '26-110'
parsed_start          : 26
parsed_end            : 110
total_atom_lines      : 695
kept_atom_lines       : 695
total_water_hetatm    : 20
kept_water_hetatm     : 20
total_other_hetatm    : 37
kept_other_hetatm     : 37
requested_start       : 26
requested_end         : 110
observed_start        : 26
observed_end          : 110
start_missing         : False
end_missing           : False

════════════════════════════════════════════════════════════════════════════════════════════════════
[2026-05-17 14:44:13] download_and_prepare_pdb_file:done
────────────────────────────────────────────────────────────────────────────────────────────────────
pdb_id          : 3LBK
residue_range   : '26-110'
requested_start : 26
requested_end   : 110
observed_start  : 26
observed_end    : 110
start_missing   : False
end_missing     : False

════════════════════════════════════════════════════════════════════════════════════════════════════
[2026-05-17 14:44:13] download_and_prepare_pdb_file:cleanup
────────────────────────────────────────────────────────────────────────────────────────────────────
removed_temporary_raw_pdb_path : /home/grheco/repositorios/stack_protein_prep/data/proteins/3LBK/3LBK.raw.pdb

════════════════════════════════════════════════════════════════════════════════════════════════════
[2026-05-17 14:44:13] download_missing_pdb_files:summary
────────────────────────────────────────────────────────────────────────────────────────────────────
pdb_id          : 3LBK
residue_range   : '26-110'
pdb_file_path   : /home/grheco/repositorios/stack_protein_prep/data/proteins/3LBK/3LBK.pdb
requested_start : 26
requested_end   : 110
observed_start  : 26
observed_end    : 110
start_missing   : False
end_missing     : False

════════════════════════════════════════════════════════════════════════════════════════════════════
[2026-05-17 14:44:13] download_and_prepare_pdb_file:start
────────────────────────────────────────────────────────────────────────────────────────────────────
pdb_id                 : 3OLL
residue_range          : '262-498'
temporary_raw_pdb_path : /home/grheco/repositorios/stack_protein_prep/data/proteins/3OLL/3OLL.raw.pdb
target_pdb_file_path   : /home/grheco/repositorios/stack_protein_prep/data/proteins/3OLL/3OLL.pdb
download_url           : https://files.rcsb.org/download/3OLL.pdb

════════════════════════════════════════════════════════════════════════════════════════════════════
[2026-05-17 14:44:15] download_and_prepare_pdb_file:downloaded_raw
────────────────────────────────────────────────────────────────────────────────────────────────────
temporary_raw_pdb_path : /home/grheco/repositorios/stack_protein_prep/data/proteins/3OLL/3OLL.raw.pdb
exists                 : True
size_bytes             : 788697

════════════════════════════════════════════════════════════════════════════════════════════════════
[2026-05-17 14:44:15] trim_pdb_to_residue_range
────────────────────────────────────────────────────────────────────────────────────────────────────
input_pdb_path        : /home/grheco/repositorios/stack_protein_prep/data/proteins/3OLL/3OLL.raw.pdb
output_pdb_path       : /home/grheco/repositorios/stack_protein_prep/data/proteins/3OLL/3OLL.pdb
residue_range         : '262-498'
parsed_start          : 262
parsed_end            : 498
total_atom_lines      : 3939
kept_atom_lines       : 3755
total_water_hetatm    : 510
kept_water_hetatm     : 510
total_other_hetatm    : 72
kept_other_hetatm     : 72
requested_start       : 262
requested_end         : 498
observed_start        : 262
observed_end          : 498
start_missing         : False
end_missing           : False

════════════════════════════════════════════════════════════════════════════════════════════════════
[2026-05-17 14:44:15] download_and_prepare_pdb_file:done
────────────────────────────────────────────────────────────────────────────────────────────────────
pdb_id          : 3OLL
residue_range   : '262-498'
requested_start : 262
requested_end   : 498
observed_start  : 262
observed_end    : 498
start_missing   : False
end_missing     : False

════════════════════════════════════════════════════════════════════════════════════════════════════
[2026-05-17 14:44:15] download_and_prepare_pdb_file:cleanup
────────────────────────────────────────────────────────────────────────────────────────────────────
removed_temporary_raw_pdb_path : /home/grheco/repositorios/stack_protein_prep/data/proteins/3OLL/3OLL.raw.pdb

════════════════════════════════════════════════════════════════════════════════════════════════════
[2026-05-17 14:44:15] download_missing_pdb_files:summary
────────────────────────────────────────────────────────────────────────────────────────────────────
pdb_id          : 3OLL
residue_range   : '262-498'
pdb_file_path   : /home/grheco/repositorios/stack_protein_prep/data/proteins/3OLL/3OLL.pdb
requested_start : 262
requested_end   : 498
observed_start  : 262
observed_end    : 498
start_missing   : False
end_missing     : False

════════════════════════════════════════════════════════════════════════════════════════════════════
[2026-05-17 14:44:15] download_and_prepare_pdb_file:start
────────────────────────────────────────────────────────────────────────────────────────────────────
pdb_id                 : 3R04
residue_range          : '35-305'
temporary_raw_pdb_path : /home/grheco/repositorios/stack_protein_prep/data/proteins/3R04/3R04.raw.pdb
target_pdb_file_path   : /home/grheco/repositorios/stack_protein_prep/data/proteins/3R04/3R04.pdb
download_url           : https://files.rcsb.org/download/3R04.pdb

════════════════════════════════════════════════════════════════════════════════════════════════════
[2026-05-17 14:44:16] download_and_prepare_pdb_file:downloaded_raw
────────────────────────────────────────────────────────────────────────────────────────────────────
temporary_raw_pdb_path : /home/grheco/repositorios/stack_protein_prep/data/proteins/3R04/3R04.raw.pdb
exists                 : True
size_bytes             : 431730

════════════════════════════════════════════════════════════════════════════════════════════════════
[2026-05-17 14:44:16] trim_pdb_to_residue_range
────────────────────────────────────────────────────────────────────────────────────────────────────
input_pdb_path        : /home/grheco/repositorios/stack_protein_prep/data/proteins/3R04/3R04.raw.pdb
output_pdb_path       : /home/grheco/repositorios/stack_protein_prep/data/proteins/3R04/3R04.pdb
residue_range         : '35-305'
parsed_start          : 35
parsed_end            : 305
total_atom_lines      : 2225
kept_atom_lines       : 2225
total_water_hetatm    : 231
kept_water_hetatm     : 231
total_other_hetatm    : 41
kept_other_hetatm     : 41
requested_start       : 35
requested_end         : 305
observed_start        : 35
observed_end          : 305
start_missing         : False
end_missing           : False

════════════════════════════════════════════════════════════════════════════════════════════════════
[2026-05-17 14:44:16] download_and_prepare_pdb_file:done
────────────────────────────────────────────────────────────────────────────────────────────────────
pdb_id          : 3R04
residue_range   : '35-305'
requested_start : 35
requested_end   : 305
observed_start  : 35
observed_end    : 305
start_missing   : False
end_missing     : False

════════════════════════════════════════════════════════════════════════════════════════════════════
[2026-05-17 14:44:16] download_and_prepare_pdb_file:cleanup
────────────────────────────────────────────────────────────────────────────────────────────────────
removed_temporary_raw_pdb_path : /home/grheco/repositorios/stack_protein_prep/data/proteins/3R04/3R04.raw.pdb

════════════════════════════════════════════════════════════════════════════════════════════════════
[2026-05-17 14:44:16] download_missing_pdb_files:summary
────────────────────────────────────────────────────────────────────────────────────────────────────
pdb_id          : 3R04
residue_range   : '35-305'
pdb_file_path   : /home/grheco/repositorios/stack_protein_prep/data/proteins/3R04/3R04.pdb
requested_start : 35
requested_end   : 305
observed_start  : 35
observed_end    : 305
start_missing   : False
end_missing     : False

════════════════════════════════════════════════════════════════════════════════════════════════════
[2026-05-17 14:44:16] download_and_prepare_pdb_file:start
────────────────────────────────────────────────────────────────────────────────────────────────────
pdb_id                 : 3RM2
residue_range          : '16-246'
temporary_raw_pdb_path : /home/grheco/repositorios/stack_protein_prep/data/proteins/3RM2/3RM2.raw.pdb
target_pdb_file_path   : /home/grheco/repositorios/stack_protein_prep/data/proteins/3RM2/3RM2.pdb
download_url           : https://files.rcsb.org/download/3RM2.pdb

════════════════════════════════════════════════════════════════════════════════════════════════════
[2026-05-17 14:44:18] download_and_prepare_pdb_file:downloaded_raw
────────────────────────────────────────────────────────────────────────────────────────────────────
temporary_raw_pdb_path : /home/grheco/repositorios/stack_protein_prep/data/proteins/3RM2/3RM2.raw.pdb
exists                 : True
size_bytes             : 512001

════════════════════════════════════════════════════════════════════════════════════════════════════
[2026-05-17 14:44:18] trim_pdb_to_residue_range
────────────────────────────────────────────────────────────────────────────────────────────────────
input_pdb_path        : /home/grheco/repositorios/stack_protein_prep/data/proteins/3RM2/3RM2.raw.pdb
output_pdb_path       : /home/grheco/repositorios/stack_protein_prep/data/proteins/3RM2/3RM2.pdb
residue_range         : '16-246'
parsed_start          : 16
parsed_end            : 246
total_atom_lines      : 2410
kept_atom_lines       : 2163
total_water_hetatm    : 390
kept_water_hetatm     : 390
total_other_hetatm    : 88
kept_other_hetatm     : 88
requested_start       : 16
requested_end         : 246
observed_start        : 16
observed_end          : 246
start_missing         : False
end_missing           : False

════════════════════════════════════════════════════════════════════════════════════════════════════
[2026-05-17 14:44:18] download_and_prepare_pdb_file:done
────────────────────────────────────────────────────────────────────────────────────────────────────
pdb_id          : 3RM2
residue_range   : '16-246'
requested_start : 16
requested_end   : 246
observed_start  : 16
observed_end    : 246
start_missing   : False
end_missing     : False

════════════════════════════════════════════════════════════════════════════════════════════════════
[2026-05-17 14:44:18] download_and_prepare_pdb_file:cleanup
────────────────────────────────────────────────────────────────────────────────────────────────────
removed_temporary_raw_pdb_path : /home/grheco/repositorios/stack_protein_prep/data/proteins/3RM2/3RM2.raw.pdb

════════════════════════════════════════════════════════════════════════════════════════════════════
[2026-05-17 14:44:18] download_missing_pdb_files:summary
────────────────────────────────────────────────────────────────────────────────────────────────────
pdb_id          : 3RM2
residue_range   : '16-246'
pdb_file_path   : /home/grheco/repositorios/stack_protein_prep/data/proteins/3RM2/3RM2.pdb
requested_start : 16
requested_end   : 246
observed_start  : 16
observed_end    : 246
start_missing   : False
end_missing     : False

════════════════════════════════════════════════════════════════════════════════════════════════════
[2026-05-17 14:44:18] download_missing_pdb_files:done
────────────────────────────────────────────────────────────────────────────────────────────────────
downloaded_count : 20

════════════════════════════════════════════════════════════════════════════════════════════════════
[2026-05-17 14:44:18] sync_pdb_csv_and_directories:case2
────────────────────────────────────────────────────────────────────────────────────────────────────
csv_record_count      : 20
created_dir_count     : 20
downloaded_file_count : 20

════════════════════════════════════════════════════════════════════════════════════════════════════
[2026-05-17 15:36:36] sync_pdb_csv_and_directories:start
────────────────────────────────────────────────────────────────────────────────────────────────────
protein_data_dir            : /home/grheco/repositorios/stack_protein_prep/data/proteins
pdb_id_csv_path             : /home/grheco/repositorios/stack_protein_prep/data/proteins/pdb_ids.csv
logs_root                   : /home/grheco/repositorios/stack_protein_prep/data/proteins/logs/pdb_sync
csv_file_exists             : True
any_protein_subdirs_exist   : True
valid_protein_subdir_names  : ['1A5H', '1B8O', '1F0R', '1I00', '1UOU', '1W4R', '2AFX', '2P1T', '2W8Y', '2WCG', '3BC3', '3EWJ', '3FDN', '3FRG', '3K5E', '3L3M', '3LBK', '3OLL', '3R04', '3RM2']

════════════════════════════════════════════════════════════════════════════════════════════════════
[2026-05-17 15:36:36] download_missing_pdb_files:start
────────────────────────────────────────────────────────────────────────────────────────────────────
record_count      : 20
protein_data_dir  : /home/grheco/repositorios/stack_protein_prep/data/proteins

════════════════════════════════════════════════════════════════════════════════════════════════════
[2026-05-17 15:36:36] download_missing_pdb_files:skip_existing
────────────────────────────────────────────────────────────────────────────────────────────────────
pdb_id        : 1A5H
residue_range : '16-243'
pdb_file_path : /home/grheco/repositorios/stack_protein_prep/data/proteins/1A5H/1A5H.pdb

════════════════════════════════════════════════════════════════════════════════════════════════════
[2026-05-17 15:36:36] download_missing_pdb_files:skip_existing
────────────────────────────────────────────────────────────────────────────────────────────────────
pdb_id        : 1B8O
residue_range : '3-283'
pdb_file_path : /home/grheco/repositorios/stack_protein_prep/data/proteins/1B8O/1B8O.pdb

════════════════════════════════════════════════════════════════════════════════════════════════════
[2026-05-17 15:36:36] download_missing_pdb_files:skip_existing
────────────────────────────────────────────────────────────────────────────────────────────────────
pdb_id        : 1F0R
residue_range : '16-50'
pdb_file_path : /home/grheco/repositorios/stack_protein_prep/data/proteins/1F0R/1F0R.pdb

════════════════════════════════════════════════════════════════════════════════════════════════════
[2026-05-17 15:36:36] download_missing_pdb_files:skip_existing
────────────────────────────────────────────────────────────────────────────────────────────────────
pdb_id        : 1I00
residue_range : '6-306'
pdb_file_path : /home/grheco/repositorios/stack_protein_prep/data/proteins/1I00/1I00.pdb

════════════════════════════════════════════════════════════════════════════════════════════════════
[2026-05-17 15:36:36] download_missing_pdb_files:skip_existing
────────────────────────────────────────────────────────────────────────────────────────────────────
pdb_id        : 1UOU
residue_range : '33-480'
pdb_file_path : /home/grheco/repositorios/stack_protein_prep/data/proteins/1UOU/1UOU.pdb

════════════════════════════════════════════════════════════════════════════════════════════════════
[2026-05-17 15:36:36] download_missing_pdb_files:skip_existing
────────────────────────────────────────────────────────────────────────────────────────────────────
pdb_id        : 1W4R
residue_range : '18-191'
pdb_file_path : /home/grheco/repositorios/stack_protein_prep/data/proteins/1W4R/1W4R.pdb

════════════════════════════════════════════════════════════════════════════════════════════════════
[2026-05-17 15:36:36] download_missing_pdb_files:skip_existing
────────────────────────────────────────────────────────────────────────────────────────────────────
pdb_id        : 2AFX
residue_range : '33-361'
pdb_file_path : /home/grheco/repositorios/stack_protein_prep/data/proteins/2AFX/2AFX.pdb

════════════════════════════════════════════════════════════════════════════════════════════════════
[2026-05-17 15:36:36] download_missing_pdb_files:skip_existing
────────────────────────────────────────────────────────────────────────────────────────────────────
pdb_id        : 2P1T
residue_range : '229-458'
pdb_file_path : /home/grheco/repositorios/stack_protein_prep/data/proteins/2P1T/2P1T.pdb

════════════════════════════════════════════════════════════════════════════════════════════════════
[2026-05-17 15:36:36] download_missing_pdb_files:skip_existing
────────────────────────────────────────────────────────────────────────────────────────────────────
pdb_id        : 2W8Y
residue_range : '683-933'
pdb_file_path : /home/grheco/repositorios/stack_protein_prep/data/proteins/2W8Y/2W8Y.pdb

════════════════════════════════════════════════════════════════════════════════════════════════════
[2026-05-17 15:36:36] download_missing_pdb_files:skip_existing
────────────────────────────────────────────────────────────────────────────────────────────────────
pdb_id        : 2WCG
residue_range : '0-497'
pdb_file_path : /home/grheco/repositorios/stack_protein_prep/data/proteins/2WCG/2WCG.pdb

════════════════════════════════════════════════════════════════════════════════════════════════════
[2026-05-17 15:36:36] download_missing_pdb_files:skip_existing
────────────────────────────────────────────────────────────────────────────────────────────────────
pdb_id        : 3BC3
residue_range : '1-220'
pdb_file_path : /home/grheco/repositorios/stack_protein_prep/data/proteins/3BC3/3BC3.pdb

════════════════════════════════════════════════════════════════════════════════════════════════════
[2026-05-17 15:36:36] download_missing_pdb_files:skip_existing
────────────────────────────────────────────────────────────────────────────────────────────────────
pdb_id        : 3EWJ
residue_range : '220-474'
pdb_file_path : /home/grheco/repositorios/stack_protein_prep/data/proteins/3EWJ/3EWJ.pdb

════════════════════════════════════════════════════════════════════════════════════════════════════
[2026-05-17 15:36:36] download_missing_pdb_files:skip_existing
────────────────────────────────────────────────────────────────────────────────────────────────────
pdb_id        : 3FDN
residue_range : '126-394'
pdb_file_path : /home/grheco/repositorios/stack_protein_prep/data/proteins/3FDN/3FDN.pdb

════════════════════════════════════════════════════════════════════════════════════════════════════
[2026-05-17 15:36:36] download_missing_pdb_files:skip_existing
────────────────────────────────────────────────────────────────────────────────────────────────────
pdb_id        : 3FRG
residue_range : '153-505'
pdb_file_path : /home/grheco/repositorios/stack_protein_prep/data/proteins/3FRG/3FRG.pdb

════════════════════════════════════════════════════════════════════════════════════════════════════
[2026-05-17 15:36:36] download_missing_pdb_files:skip_existing
────────────────────────────────────────────────────────────────────────────────────────────────────
pdb_id        : 3K5E
residue_range : '18-363'
pdb_file_path : /home/grheco/repositorios/stack_protein_prep/data/proteins/3K5E/3K5E.pdb

════════════════════════════════════════════════════════════════════════════════════════════════════
[2026-05-17 15:36:36] download_missing_pdb_files:skip_existing
────────────────────────────────────────────────────────────────────────────────────────────────────
pdb_id        : 3L3M
residue_range : '2-349'
pdb_file_path : /home/grheco/repositorios/stack_protein_prep/data/proteins/3L3M/3L3M.pdb

════════════════════════════════════════════════════════════════════════════════════════════════════
[2026-05-17 15:36:36] download_missing_pdb_files:skip_existing
────────────────────────────────────────────────────────────────────────────────────────────────────
pdb_id        : 3LBK
residue_range : '26-110'
pdb_file_path : /home/grheco/repositorios/stack_protein_prep/data/proteins/3LBK/3LBK.pdb

════════════════════════════════════════════════════════════════════════════════════════════════════
[2026-05-17 15:36:36] download_missing_pdb_files:skip_existing
────────────────────────────────────────────────────────────────────────────────────────────────────
pdb_id        : 3OLL
residue_range : '262-498'
pdb_file_path : /home/grheco/repositorios/stack_protein_prep/data/proteins/3OLL/3OLL.pdb

════════════════════════════════════════════════════════════════════════════════════════════════════
[2026-05-17 15:36:36] download_missing_pdb_files:skip_existing
────────────────────────────────────────────────────────────────────────────────────────────────────
pdb_id        : 3R04
residue_range : '35-305'
pdb_file_path : /home/grheco/repositorios/stack_protein_prep/data/proteins/3R04/3R04.pdb

════════════════════════════════════════════════════════════════════════════════════════════════════
[2026-05-17 15:36:36] download_missing_pdb_files:skip_existing
────────────────────────────────────────────────────────────────────────────────────────────────────
pdb_id        : 3RM2
residue_range : '16-246'
pdb_file_path : /home/grheco/repositorios/stack_protein_prep/data/proteins/3RM2/3RM2.pdb

════════════════════════════════════════════════════════════════════════════════════════════════════
[2026-05-17 15:36:36] download_missing_pdb_files:done
────────────────────────────────────────────────────────────────────────────────────────────────────
downloaded_count : 0

════════════════════════════════════════════════════════════════════════════════════════════════════
[2026-05-17 15:36:36] sync_pdb_csv_and_directories:case3
────────────────────────────────────────────────────────────────────────────────────────────────────
csv_record_count             : 20
directory_record_count       : 20
missing_subdirectory_pdb_ids : []
missing_csv_pdb_ids          : []
merged_record_count          : 20
downloaded_file_count        : 0

════════════════════════════════════════════════════════════════════════════════════════════════════
[2026-05-17 15:45:17] sync_pdb_csv_and_directories:start
────────────────────────────────────────────────────────────────────────────────────────────────────
protein_data_dir            : /home/grheco/repositorios/stack_protein_prep/data/proteins
pdb_id_csv_path             : /home/grheco/repositorios/stack_protein_prep/data/proteins/pdb_ids.csv
logs_root                   : /home/grheco/repositorios/stack_protein_prep/data/proteins/logs/pdb_sync
csv_file_exists             : True
any_protein_subdirs_exist   : True
valid_protein_subdir_names  : ['1A5H', '1B8O', '1F0R', '1I00', '1UOU', '1W4R', '2AFX', '2P1T', '2W8Y', '2WCG', '3BC3', '3EWJ', '3FDN', '3FRG', '3K5E', '3L3M', '3LBK', '3OLL', '3R04', '3RM2']

════════════════════════════════════════════════════════════════════════════════════════════════════
[2026-05-17 15:45:17] download_missing_pdb_files:start
────────────────────────────────────────────────────────────────────────────────────────────────────
record_count      : 20
protein_data_dir  : /home/grheco/repositorios/stack_protein_prep/data/proteins

════════════════════════════════════════════════════════════════════════════════════════════════════
[2026-05-17 15:45:17] download_missing_pdb_files:skip_existing
────────────────────────────────────────────────────────────────────────────────────────────────────
pdb_id        : 1A5H
residue_range : '16-243'
pdb_file_path : /home/grheco/repositorios/stack_protein_prep/data/proteins/1A5H/1A5H.pdb

════════════════════════════════════════════════════════════════════════════════════════════════════
[2026-05-17 15:45:17] download_missing_pdb_files:skip_existing
────────────────────────────────────────────────────────────────────────────────────────────────────
pdb_id        : 1B8O
residue_range : '3-283'
pdb_file_path : /home/grheco/repositorios/stack_protein_prep/data/proteins/1B8O/1B8O.pdb

════════════════════════════════════════════════════════════════════════════════════════════════════
[2026-05-17 15:45:17] download_missing_pdb_files:skip_existing
────────────────────────────────────────────────────────────────────────────────────────────────────
pdb_id        : 1F0R
residue_range : '16-50'
pdb_file_path : /home/grheco/repositorios/stack_protein_prep/data/proteins/1F0R/1F0R.pdb

════════════════════════════════════════════════════════════════════════════════════════════════════
[2026-05-17 15:45:17] download_missing_pdb_files:skip_existing
────────────────────────────────────────────────────────────────────────────────────────────────────
pdb_id        : 1I00
residue_range : '6-306'
pdb_file_path : /home/grheco/repositorios/stack_protein_prep/data/proteins/1I00/1I00.pdb

════════════════════════════════════════════════════════════════════════════════════════════════════
[2026-05-17 15:45:17] download_missing_pdb_files:skip_existing
────────────────────────────────────────────────────────────────────────────────────────────────────
pdb_id        : 1UOU
residue_range : '33-480'
pdb_file_path : /home/grheco/repositorios/stack_protein_prep/data/proteins/1UOU/1UOU.pdb

════════════════════════════════════════════════════════════════════════════════════════════════════
[2026-05-17 15:45:17] download_missing_pdb_files:skip_existing
────────────────────────────────────────────────────────────────────────────────────────────────────
pdb_id        : 1W4R
residue_range : '18-191'
pdb_file_path : /home/grheco/repositorios/stack_protein_prep/data/proteins/1W4R/1W4R.pdb

════════════════════════════════════════════════════════════════════════════════════════════════════
[2026-05-17 15:45:17] download_missing_pdb_files:skip_existing
────────────────────────────────────────────────────────────────────────────────────────────────────
pdb_id        : 2AFX
residue_range : '33-361'
pdb_file_path : /home/grheco/repositorios/stack_protein_prep/data/proteins/2AFX/2AFX.pdb

════════════════════════════════════════════════════════════════════════════════════════════════════
[2026-05-17 15:45:17] download_missing_pdb_files:skip_existing
────────────────────────────────────────────────────────────────────────────────────────────────────
pdb_id        : 2P1T
residue_range : '229-458'
pdb_file_path : /home/grheco/repositorios/stack_protein_prep/data/proteins/2P1T/2P1T.pdb

════════════════════════════════════════════════════════════════════════════════════════════════════
[2026-05-17 15:45:17] download_missing_pdb_files:skip_existing
────────────────────────────────────────────────────────────────────────────────────────────────────
pdb_id        : 2W8Y
residue_range : '683-933'
pdb_file_path : /home/grheco/repositorios/stack_protein_prep/data/proteins/2W8Y/2W8Y.pdb

════════════════════════════════════════════════════════════════════════════════════════════════════
[2026-05-17 15:45:17] download_missing_pdb_files:skip_existing
────────────────────────────────────────────────────────────────────────────────────────────────────
pdb_id        : 2WCG
residue_range : '0-497'
pdb_file_path : /home/grheco/repositorios/stack_protein_prep/data/proteins/2WCG/2WCG.pdb

════════════════════════════════════════════════════════════════════════════════════════════════════
[2026-05-17 15:45:17] download_missing_pdb_files:skip_existing
────────────────────────────────────────────────────────────────────────────────────────────────────
pdb_id        : 3BC3
residue_range : '1-220'
pdb_file_path : /home/grheco/repositorios/stack_protein_prep/data/proteins/3BC3/3BC3.pdb

════════════════════════════════════════════════════════════════════════════════════════════════════
[2026-05-17 15:45:17] download_missing_pdb_files:skip_existing
────────────────────────────────────────────────────────────────────────────────────────────────────
pdb_id        : 3EWJ
residue_range : '220-474'
pdb_file_path : /home/grheco/repositorios/stack_protein_prep/data/proteins/3EWJ/3EWJ.pdb

════════════════════════════════════════════════════════════════════════════════════════════════════
[2026-05-17 15:45:17] download_missing_pdb_files:skip_existing
────────────────────────────────────────────────────────────────────────────────────────────────────
pdb_id        : 3FDN
residue_range : '126-394'
pdb_file_path : /home/grheco/repositorios/stack_protein_prep/data/proteins/3FDN/3FDN.pdb

════════════════════════════════════════════════════════════════════════════════════════════════════
[2026-05-17 15:45:17] download_missing_pdb_files:skip_existing
────────────────────────────────────────────────────────────────────────────────────────────────────
pdb_id        : 3FRG
residue_range : '153-505'
pdb_file_path : /home/grheco/repositorios/stack_protein_prep/data/proteins/3FRG/3FRG.pdb

════════════════════════════════════════════════════════════════════════════════════════════════════
[2026-05-17 15:45:17] download_missing_pdb_files:skip_existing
────────────────────────────────────────────────────────────────────────────────────────────────────
pdb_id        : 3K5E
residue_range : '18-363'
pdb_file_path : /home/grheco/repositorios/stack_protein_prep/data/proteins/3K5E/3K5E.pdb

════════════════════════════════════════════════════════════════════════════════════════════════════
[2026-05-17 15:45:17] download_missing_pdb_files:skip_existing
────────────────────────────────────────────────────────────────────────────────────────────────────
pdb_id        : 3L3M
residue_range : '2-349'
pdb_file_path : /home/grheco/repositorios/stack_protein_prep/data/proteins/3L3M/3L3M.pdb

════════════════════════════════════════════════════════════════════════════════════════════════════
[2026-05-17 15:45:17] download_missing_pdb_files:skip_existing
────────────────────────────────────────────────────────────────────────────────────────────────────
pdb_id        : 3LBK
residue_range : '26-110'
pdb_file_path : /home/grheco/repositorios/stack_protein_prep/data/proteins/3LBK/3LBK.pdb

════════════════════════════════════════════════════════════════════════════════════════════════════
[2026-05-17 15:45:17] download_missing_pdb_files:skip_existing
────────────────────────────────────────────────────────────────────────────────────────────────────
pdb_id        : 3OLL
residue_range : '262-498'
pdb_file_path : /home/grheco/repositorios/stack_protein_prep/data/proteins/3OLL/3OLL.pdb

════════════════════════════════════════════════════════════════════════════════════════════════════
[2026-05-17 15:45:17] download_missing_pdb_files:skip_existing
────────────────────────────────────────────────────────────────────────────────────────────────────
pdb_id        : 3R04
residue_range : '35-305'
pdb_file_path : /home/grheco/repositorios/stack_protein_prep/data/proteins/3R04/3R04.pdb

════════════════════════════════════════════════════════════════════════════════════════════════════
[2026-05-17 15:45:17] download_missing_pdb_files:skip_existing
────────────────────────────────────────────────────────────────────────────────────────────────────
pdb_id        : 3RM2
residue_range : '16-246'
pdb_file_path : /home/grheco/repositorios/stack_protein_prep/data/proteins/3RM2/3RM2.pdb

════════════════════════════════════════════════════════════════════════════════════════════════════
[2026-05-17 15:45:17] download_missing_pdb_files:done
────────────────────────────────────────────────────────────────────────────────────────────────────
downloaded_count : 0

════════════════════════════════════════════════════════════════════════════════════════════════════
[2026-05-17 15:45:17] sync_pdb_csv_and_directories:case3
────────────────────────────────────────────────────────────────────────────────────────────────────
csv_record_count             : 20
directory_record_count       : 20
missing_subdirectory_pdb_ids : []
missing_csv_pdb_ids          : []
merged_record_count          : 20
downloaded_file_count        : 0

════════════════════════════════════════════════════════════════════════════════════════════════════
[2026-05-17 17:17:24] sync_pdb_csv_and_directories:start
────────────────────────────────────────────────────────────────────────────────────────────────────
protein_data_dir            : /home/grheco/repositorios/stack_protein_prep/data/proteins
pdb_id_csv_path             : /home/grheco/repositorios/stack_protein_prep/data/proteins/pdb_ids.csv
logs_root                   : /home/grheco/repositorios/stack_protein_prep/data/proteins/logs/pdb_sync
csv_file_exists             : True
any_protein_subdirs_exist   : True
valid_protein_subdir_names  : ['1A5H', '1B8O', '1F0R', '1I00', '1UOU', '1W4R', '2AFX', '2P1T', '2W8Y', '2WCG', '3BC3', '3EWJ', '3FDN', '3FRG', '3K5E', '3L3M', '3LBK', '3OLL', '3R04', '3RM2']

════════════════════════════════════════════════════════════════════════════════════════════════════
[2026-05-17 17:17:24] download_missing_pdb_files:start
────────────────────────────────────────────────────────────────────────────────────────────────────
record_count      : 20
protein_data_dir  : /home/grheco/repositorios/stack_protein_prep/data/proteins

════════════════════════════════════════════════════════════════════════════════════════════════════
[2026-05-17 17:17:24] download_missing_pdb_files:skip_existing
────────────────────────────────────────────────────────────────────────────────────────────────────
pdb_id        : 1A5H
residue_range : '16-243'
pdb_file_path : /home/grheco/repositorios/stack_protein_prep/data/proteins/1A5H/1A5H.pdb

════════════════════════════════════════════════════════════════════════════════════════════════════
[2026-05-17 17:17:24] download_missing_pdb_files:skip_existing
────────────────────────────────────────────────────────────────────────────────────────────────────
pdb_id        : 1B8O
residue_range : '3-283'
pdb_file_path : /home/grheco/repositorios/stack_protein_prep/data/proteins/1B8O/1B8O.pdb

════════════════════════════════════════════════════════════════════════════════════════════════════
[2026-05-17 17:17:24] download_missing_pdb_files:skip_existing
────────────────────────────────────────────────────────────────────────────────────────────────────
pdb_id        : 1F0R
residue_range : '16-50'
pdb_file_path : /home/grheco/repositorios/stack_protein_prep/data/proteins/1F0R/1F0R.pdb

════════════════════════════════════════════════════════════════════════════════════════════════════
[2026-05-17 17:17:24] download_missing_pdb_files:skip_existing
────────────────────────────────────────────────────────────────────────────────────────────────────
pdb_id        : 1I00
residue_range : '6-306'
pdb_file_path : /home/grheco/repositorios/stack_protein_prep/data/proteins/1I00/1I00.pdb

════════════════════════════════════════════════════════════════════════════════════════════════════
[2026-05-17 17:17:24] download_missing_pdb_files:skip_existing
────────────────────────────────────────────────────────────────────────────────────────────────────
pdb_id        : 1UOU
residue_range : '33-480'
pdb_file_path : /home/grheco/repositorios/stack_protein_prep/data/proteins/1UOU/1UOU.pdb

════════════════════════════════════════════════════════════════════════════════════════════════════
[2026-05-17 17:17:24] download_missing_pdb_files:skip_existing
────────────────────────────────────────────────────────────────────────────────────────────────────
pdb_id        : 1W4R
residue_range : '18-191'
pdb_file_path : /home/grheco/repositorios/stack_protein_prep/data/proteins/1W4R/1W4R.pdb

════════════════════════════════════════════════════════════════════════════════════════════════════
[2026-05-17 17:17:24] download_missing_pdb_files:skip_existing
────────────────────────────────────────────────────────────────────────────────────────────────────
pdb_id        : 2AFX
residue_range : '33-361'
pdb_file_path : /home/grheco/repositorios/stack_protein_prep/data/proteins/2AFX/2AFX.pdb

════════════════════════════════════════════════════════════════════════════════════════════════════
[2026-05-17 17:17:24] download_missing_pdb_files:skip_existing
────────────────────────────────────────────────────────────────────────────────────────────────────
pdb_id        : 2P1T
residue_range : '229-458'
pdb_file_path : /home/grheco/repositorios/stack_protein_prep/data/proteins/2P1T/2P1T.pdb

════════════════════════════════════════════════════════════════════════════════════════════════════
[2026-05-17 17:17:24] download_missing_pdb_files:skip_existing
────────────────────────────────────────────────────────────────────────────────────────────────────
pdb_id        : 2W8Y
residue_range : '683-933'
pdb_file_path : /home/grheco/repositorios/stack_protein_prep/data/proteins/2W8Y/2W8Y.pdb

════════════════════════════════════════════════════════════════════════════════════════════════════
[2026-05-17 17:17:24] download_missing_pdb_files:skip_existing
────────────────────────────────────────────────────────────────────────────────────────────────────
pdb_id        : 2WCG
residue_range : '0-497'
pdb_file_path : /home/grheco/repositorios/stack_protein_prep/data/proteins/2WCG/2WCG.pdb

════════════════════════════════════════════════════════════════════════════════════════════════════
[2026-05-17 17:17:24] download_missing_pdb_files:skip_existing
────────────────────────────────────────────────────────────────────────────────────────────────────
pdb_id        : 3BC3
residue_range : '1-220'
pdb_file_path : /home/grheco/repositorios/stack_protein_prep/data/proteins/3BC3/3BC3.pdb

════════════════════════════════════════════════════════════════════════════════════════════════════
[2026-05-17 17:17:24] download_missing_pdb_files:skip_existing
────────────────────────────────────────────────────────────────────────────────────────────────────
pdb_id        : 3EWJ
residue_range : '220-474'
pdb_file_path : /home/grheco/repositorios/stack_protein_prep/data/proteins/3EWJ/3EWJ.pdb

════════════════════════════════════════════════════════════════════════════════════════════════════
[2026-05-17 17:17:24] download_missing_pdb_files:skip_existing
────────────────────────────────────────────────────────────────────────────────────────────────────
pdb_id        : 3FDN
residue_range : '126-394'
pdb_file_path : /home/grheco/repositorios/stack_protein_prep/data/proteins/3FDN/3FDN.pdb

════════════════════════════════════════════════════════════════════════════════════════════════════
[2026-05-17 17:17:24] download_missing_pdb_files:skip_existing
────────────────────────────────────────────────────────────────────────────────────────────────────
pdb_id        : 3FRG
residue_range : '153-505'
pdb_file_path : /home/grheco/repositorios/stack_protein_prep/data/proteins/3FRG/3FRG.pdb

════════════════════════════════════════════════════════════════════════════════════════════════════
[2026-05-17 17:17:24] download_missing_pdb_files:skip_existing
────────────────────────────────────────────────────────────────────────────────────────────────────
pdb_id        : 3K5E
residue_range : '18-363'
pdb_file_path : /home/grheco/repositorios/stack_protein_prep/data/proteins/3K5E/3K5E.pdb

════════════════════════════════════════════════════════════════════════════════════════════════════
[2026-05-17 17:17:24] download_missing_pdb_files:skip_existing
────────────────────────────────────────────────────────────────────────────────────────────────────
pdb_id        : 3L3M
residue_range : '2-349'
pdb_file_path : /home/grheco/repositorios/stack_protein_prep/data/proteins/3L3M/3L3M.pdb

════════════════════════════════════════════════════════════════════════════════════════════════════
[2026-05-17 17:17:24] download_missing_pdb_files:skip_existing
────────────────────────────────────────────────────────────────────────────────────────────────────
pdb_id        : 3LBK
residue_range : '26-110'
pdb_file_path : /home/grheco/repositorios/stack_protein_prep/data/proteins/3LBK/3LBK.pdb

════════════════════════════════════════════════════════════════════════════════════════════════════
[2026-05-17 17:17:24] download_missing_pdb_files:skip_existing
────────────────────────────────────────────────────────────────────────────────────────────────────
pdb_id        : 3OLL
residue_range : '262-498'
pdb_file_path : /home/grheco/repositorios/stack_protein_prep/data/proteins/3OLL/3OLL.pdb

════════════════════════════════════════════════════════════════════════════════════════════════════
[2026-05-17 17:17:24] download_missing_pdb_files:skip_existing
────────────────────────────────────────────────────────────────────────────────────────────────────
pdb_id        : 3R04
residue_range : '35-305'
pdb_file_path : /home/grheco/repositorios/stack_protein_prep/data/proteins/3R04/3R04.pdb

════════════════════════════════════════════════════════════════════════════════════════════════════
[2026-05-17 17:17:24] download_missing_pdb_files:skip_existing
────────────────────────────────────────────────────────────────────────────────────────────────────
pdb_id        : 3RM2
residue_range : '16-246'
pdb_file_path : /home/grheco/repositorios/stack_protein_prep/data/proteins/3RM2/3RM2.pdb

════════════════════════════════════════════════════════════════════════════════════════════════════
[2026-05-17 17:17:24] download_missing_pdb_files:done
────────────────────────────────────────────────────────────────────────────────────────────────────
downloaded_count : 0

════════════════════════════════════════════════════════════════════════════════════════════════════
[2026-05-17 17:17:24] sync_pdb_csv_and_directories:case3
────────────────────────────────────────────────────────────────────────────────────────────────────
csv_record_count             : 20
directory_record_count       : 20
missing_subdirectory_pdb_ids : []
missing_csv_pdb_ids          : []
merged_record_count          : 20
downloaded_file_count        : 0

════════════════════════════════════════════════════════════════════════════════════════════════════
[2026-05-17 17:42:33] sync_pdb_csv_and_directories:start
────────────────────────────────────────────────────────────────────────────────────────────────────
protein_data_dir            : /home/grheco/repositorios/stack_protein_prep/data/proteins
pdb_id_csv_path             : /home/grheco/repositorios/stack_protein_prep/data/proteins/pdb_ids.csv
logs_root                   : /home/grheco/repositorios/stack_protein_prep/data/proteins/logs/pdb_sync
csv_file_exists             : True
any_protein_subdirs_exist   : True
valid_protein_subdir_names  : ['1A5H', '1B8O', '1F0R', '1I00', '1UOU', '1W4R', '2AFX', '2P1T', '2W8Y', '2WCG', '3BC3', '3EWJ', '3FDN', '3FRG', '3K5E', '3L3M', '3LBK', '3OLL', '3R04', '3RM2']

════════════════════════════════════════════════════════════════════════════════════════════════════
[2026-05-17 17:42:33] download_missing_pdb_files:start
────────────────────────────────────────────────────────────────────────────────────────────────────
record_count      : 20
protein_data_dir  : /home/grheco/repositorios/stack_protein_prep/data/proteins

════════════════════════════════════════════════════════════════════════════════════════════════════
[2026-05-17 17:42:33] download_missing_pdb_files:skip_existing
────────────────────────────────────────────────────────────────────────────────────────────────────
pdb_id        : 1A5H
residue_range : '16-243'
pdb_file_path : /home/grheco/repositorios/stack_protein_prep/data/proteins/1A5H/1A5H.pdb

════════════════════════════════════════════════════════════════════════════════════════════════════
[2026-05-17 17:42:33] download_missing_pdb_files:skip_existing
────────────────────────────────────────────────────────────────────────────────────────────────────
pdb_id        : 1B8O
residue_range : '3-283'
pdb_file_path : /home/grheco/repositorios/stack_protein_prep/data/proteins/1B8O/1B8O.pdb

════════════════════════════════════════════════════════════════════════════════════════════════════
[2026-05-17 17:42:33] download_missing_pdb_files:skip_existing
────────────────────────────────────────────────────────────────────────────────────────────────────
pdb_id        : 1F0R
residue_range : '16-50'
pdb_file_path : /home/grheco/repositorios/stack_protein_prep/data/proteins/1F0R/1F0R.pdb

════════════════════════════════════════════════════════════════════════════════════════════════════
[2026-05-17 17:42:33] download_missing_pdb_files:skip_existing
────────────────────────────────────────────────────────────────────────────────────────────────────
pdb_id        : 1I00
residue_range : '6-306'
pdb_file_path : /home/grheco/repositorios/stack_protein_prep/data/proteins/1I00/1I00.pdb

════════════════════════════════════════════════════════════════════════════════════════════════════
[2026-05-17 17:42:33] download_missing_pdb_files:skip_existing
────────────────────────────────────────────────────────────────────────────────────────────────────
pdb_id        : 1UOU
residue_range : '33-480'
pdb_file_path : /home/grheco/repositorios/stack_protein_prep/data/proteins/1UOU/1UOU.pdb

════════════════════════════════════════════════════════════════════════════════════════════════════
[2026-05-17 17:42:33] download_missing_pdb_files:skip_existing
────────────────────────────────────────────────────────────────────────────────────────────────────
pdb_id        : 1W4R
residue_range : '18-191'
pdb_file_path : /home/grheco/repositorios/stack_protein_prep/data/proteins/1W4R/1W4R.pdb

════════════════════════════════════════════════════════════════════════════════════════════════════
[2026-05-17 17:42:33] download_missing_pdb_files:skip_existing
────────────────────────────────────────────────────────────────────────────────────────────────────
pdb_id        : 2AFX
residue_range : '33-361'
pdb_file_path : /home/grheco/repositorios/stack_protein_prep/data/proteins/2AFX/2AFX.pdb

════════════════════════════════════════════════════════════════════════════════════════════════════
[2026-05-17 17:42:33] download_missing_pdb_files:skip_existing
────────────────────────────────────────────────────────────────────────────────────────────────────
pdb_id        : 2P1T
residue_range : '229-458'
pdb_file_path : /home/grheco/repositorios/stack_protein_prep/data/proteins/2P1T/2P1T.pdb

════════════════════════════════════════════════════════════════════════════════════════════════════
[2026-05-17 17:42:33] download_missing_pdb_files:skip_existing
────────────────────────────────────────────────────────────────────────────────────────────────────
pdb_id        : 2W8Y
residue_range : '683-933'
pdb_file_path : /home/grheco/repositorios/stack_protein_prep/data/proteins/2W8Y/2W8Y.pdb

════════════════════════════════════════════════════════════════════════════════════════════════════
[2026-05-17 17:42:33] download_missing_pdb_files:skip_existing
────────────────────────────────────────────────────────────────────────────────────────────────────
pdb_id        : 2WCG
residue_range : '0-497'
pdb_file_path : /home/grheco/repositorios/stack_protein_prep/data/proteins/2WCG/2WCG.pdb

════════════════════════════════════════════════════════════════════════════════════════════════════
[2026-05-17 17:42:33] download_missing_pdb_files:skip_existing
────────────────────────────────────────────────────────────────────────────────────────────────────
pdb_id        : 3BC3
residue_range : '1-220'
pdb_file_path : /home/grheco/repositorios/stack_protein_prep/data/proteins/3BC3/3BC3.pdb

════════════════════════════════════════════════════════════════════════════════════════════════════
[2026-05-17 17:42:33] download_missing_pdb_files:skip_existing
────────────────────────────────────────────────────────────────────────────────────────────────────
pdb_id        : 3EWJ
residue_range : '220-474'
pdb_file_path : /home/grheco/repositorios/stack_protein_prep/data/proteins/3EWJ/3EWJ.pdb

════════════════════════════════════════════════════════════════════════════════════════════════════
[2026-05-17 17:42:33] download_missing_pdb_files:skip_existing
────────────────────────────────────────────────────────────────────────────────────────────────────
pdb_id        : 3FDN
residue_range : '126-394'
pdb_file_path : /home/grheco/repositorios/stack_protein_prep/data/proteins/3FDN/3FDN.pdb

════════════════════════════════════════════════════════════════════════════════════════════════════
[2026-05-17 17:42:33] download_missing_pdb_files:skip_existing
────────────────────────────────────────────────────────────────────────────────────────────────────
pdb_id        : 3FRG
residue_range : '153-505'
pdb_file_path : /home/grheco/repositorios/stack_protein_prep/data/proteins/3FRG/3FRG.pdb

════════════════════════════════════════════════════════════════════════════════════════════════════
[2026-05-17 17:42:33] download_missing_pdb_files:skip_existing
────────────────────────────────────────────────────────────────────────────────────────────────────
pdb_id        : 3K5E
residue_range : '18-363'
pdb_file_path : /home/grheco/repositorios/stack_protein_prep/data/proteins/3K5E/3K5E.pdb

════════════════════════════════════════════════════════════════════════════════════════════════════
[2026-05-17 17:42:33] download_missing_pdb_files:skip_existing
────────────────────────────────────────────────────────────────────────────────────────────────────
pdb_id        : 3L3M
residue_range : '2-349'
pdb_file_path : /home/grheco/repositorios/stack_protein_prep/data/proteins/3L3M/3L3M.pdb

════════════════════════════════════════════════════════════════════════════════════════════════════
[2026-05-17 17:42:33] download_missing_pdb_files:skip_existing
────────────────────────────────────────────────────────────────────────────────────────────────────
pdb_id        : 3LBK
residue_range : '26-110'
pdb_file_path : /home/grheco/repositorios/stack_protein_prep/data/proteins/3LBK/3LBK.pdb

════════════════════════════════════════════════════════════════════════════════════════════════════
[2026-05-17 17:42:33] download_missing_pdb_files:skip_existing
────────────────────────────────────────────────────────────────────────────────────────────────────
pdb_id        : 3OLL
residue_range : '262-498'
pdb_file_path : /home/grheco/repositorios/stack_protein_prep/data/proteins/3OLL/3OLL.pdb

════════════════════════════════════════════════════════════════════════════════════════════════════
[2026-05-17 17:42:33] download_missing_pdb_files:skip_existing
────────────────────────────────────────────────────────────────────────────────────────────────────
pdb_id        : 3R04
residue_range : '35-305'
pdb_file_path : /home/grheco/repositorios/stack_protein_prep/data/proteins/3R04/3R04.pdb

════════════════════════════════════════════════════════════════════════════════════════════════════
[2026-05-17 17:42:33] download_missing_pdb_files:skip_existing
────────────────────────────────────────────────────────────────────────────────────────────────────
pdb_id        : 3RM2
residue_range : '16-246'
pdb_file_path : /home/grheco/repositorios/stack_protein_prep/data/proteins/3RM2/3RM2.pdb

════════════════════════════════════════════════════════════════════════════════════════════════════
[2026-05-17 17:42:33] download_missing_pdb_files:done
────────────────────────────────────────────────────────────────────────────────────────────────────
downloaded_count : 0

════════════════════════════════════════════════════════════════════════════════════════════════════
[2026-05-17 17:42:33] sync_pdb_csv_and_directories:case3
────────────────────────────────────────────────────────────────────────────────────────────────────
csv_record_count             : 20
directory_record_count       : 20
missing_subdirectory_pdb_ids : []
missing_csv_pdb_ids          : []
merged_record_count          : 20
downloaded_file_count        : 0

════════════════════════════════════════════════════════════════════════════════════════════════════
[2026-05-17 17:44:44] sync_pdb_csv_and_directories:start
────────────────────────────────────────────────────────────────────────────────────────────────────
protein_data_dir            : /home/grheco/repositorios/stack_protein_prep/data/proteins
pdb_id_csv_path             : /home/grheco/repositorios/stack_protein_prep/data/proteins/pdb_ids.csv
logs_root                   : /home/grheco/repositorios/stack_protein_prep/data/proteins/logs/pdb_sync
csv_file_exists             : True
any_protein_subdirs_exist   : True
valid_protein_subdir_names  : ['1A5H', '1B8O', '1F0R', '1I00', '1UOU', '1W4R', '2AFX', '2P1T', '2W8Y', '2WCG', '3BC3', '3EWJ', '3FDN', '3FRG', '3K5E', '3L3M', '3LBK', '3OLL', '3R04', '3RM2']

════════════════════════════════════════════════════════════════════════════════════════════════════
[2026-05-17 17:44:44] download_missing_pdb_files:start
────────────────────────────────────────────────────────────────────────────────────────────────────
record_count      : 20
protein_data_dir  : /home/grheco/repositorios/stack_protein_prep/data/proteins

════════════════════════════════════════════════════════════════════════════════════════════════════
[2026-05-17 17:44:44] download_missing_pdb_files:skip_existing
────────────────────────────────────────────────────────────────────────────────────────────────────
pdb_id        : 1A5H
residue_range : '16-243'
pdb_file_path : /home/grheco/repositorios/stack_protein_prep/data/proteins/1A5H/1A5H.pdb

════════════════════════════════════════════════════════════════════════════════════════════════════
[2026-05-17 17:44:44] download_missing_pdb_files:skip_existing
────────────────────────────────────────────────────────────────────────────────────────────────────
pdb_id        : 1B8O
residue_range : '3-283'
pdb_file_path : /home/grheco/repositorios/stack_protein_prep/data/proteins/1B8O/1B8O.pdb

════════════════════════════════════════════════════════════════════════════════════════════════════
[2026-05-17 17:44:44] download_missing_pdb_files:skip_existing
────────────────────────────────────────────────────────────────────────────────────────────────────
pdb_id        : 1F0R
residue_range : '16-50'
pdb_file_path : /home/grheco/repositorios/stack_protein_prep/data/proteins/1F0R/1F0R.pdb

════════════════════════════════════════════════════════════════════════════════════════════════════
[2026-05-17 17:44:44] download_missing_pdb_files:skip_existing
────────────────────────────────────────────────────────────────────────────────────────────────────
pdb_id        : 1I00
residue_range : '6-306'
pdb_file_path : /home/grheco/repositorios/stack_protein_prep/data/proteins/1I00/1I00.pdb

════════════════════════════════════════════════════════════════════════════════════════════════════
[2026-05-17 17:44:44] download_missing_pdb_files:skip_existing
────────────────────────────────────────────────────────────────────────────────────────────────────
pdb_id        : 1UOU
residue_range : '33-480'
pdb_file_path : /home/grheco/repositorios/stack_protein_prep/data/proteins/1UOU/1UOU.pdb

════════════════════════════════════════════════════════════════════════════════════════════════════
[2026-05-17 17:44:44] download_missing_pdb_files:skip_existing
────────────────────────────────────────────────────────────────────────────────────────────────────
pdb_id        : 1W4R
residue_range : '18-191'
pdb_file_path : /home/grheco/repositorios/stack_protein_prep/data/proteins/1W4R/1W4R.pdb

════════════════════════════════════════════════════════════════════════════════════════════════════
[2026-05-17 17:44:44] download_missing_pdb_files:skip_existing
────────────────────────────────────────────────────────────────────────────────────────────────────
pdb_id        : 2AFX
residue_range : '33-361'
pdb_file_path : /home/grheco/repositorios/stack_protein_prep/data/proteins/2AFX/2AFX.pdb

════════════════════════════════════════════════════════════════════════════════════════════════════
[2026-05-17 17:44:44] download_missing_pdb_files:skip_existing
────────────────────────────────────────────────────────────────────────────────────────────────────
pdb_id        : 2P1T
residue_range : '229-458'
pdb_file_path : /home/grheco/repositorios/stack_protein_prep/data/proteins/2P1T/2P1T.pdb

════════════════════════════════════════════════════════════════════════════════════════════════════
[2026-05-17 17:44:44] download_missing_pdb_files:skip_existing
────────────────────────────────────────────────────────────────────────────────────────────────────
pdb_id        : 2W8Y
residue_range : '683-933'
pdb_file_path : /home/grheco/repositorios/stack_protein_prep/data/proteins/2W8Y/2W8Y.pdb

════════════════════════════════════════════════════════════════════════════════════════════════════
[2026-05-17 17:44:44] download_missing_pdb_files:skip_existing
────────────────────────────────────────────────────────────────────────────────────────────────────
pdb_id        : 2WCG
residue_range : '0-497'
pdb_file_path : /home/grheco/repositorios/stack_protein_prep/data/proteins/2WCG/2WCG.pdb

════════════════════════════════════════════════════════════════════════════════════════════════════
[2026-05-17 17:44:44] download_missing_pdb_files:skip_existing
────────────────────────────────────────────────────────────────────────────────────────────────────
pdb_id        : 3BC3
residue_range : '1-220'
pdb_file_path : /home/grheco/repositorios/stack_protein_prep/data/proteins/3BC3/3BC3.pdb

════════════════════════════════════════════════════════════════════════════════════════════════════
[2026-05-17 17:44:44] download_missing_pdb_files:skip_existing
────────────────────────────────────────────────────────────────────────────────────────────────────
pdb_id        : 3EWJ
residue_range : '220-474'
pdb_file_path : /home/grheco/repositorios/stack_protein_prep/data/proteins/3EWJ/3EWJ.pdb

════════════════════════════════════════════════════════════════════════════════════════════════════
[2026-05-17 17:44:44] download_missing_pdb_files:skip_existing
────────────────────────────────────────────────────────────────────────────────────────────────────
pdb_id        : 3FDN
residue_range : '126-394'
pdb_file_path : /home/grheco/repositorios/stack_protein_prep/data/proteins/3FDN/3FDN.pdb

════════════════════════════════════════════════════════════════════════════════════════════════════
[2026-05-17 17:44:44] download_missing_pdb_files:skip_existing
────────────────────────────────────────────────────────────────────────────────────────────────────
pdb_id        : 3FRG
residue_range : '153-505'
pdb_file_path : /home/grheco/repositorios/stack_protein_prep/data/proteins/3FRG/3FRG.pdb

════════════════════════════════════════════════════════════════════════════════════════════════════
[2026-05-17 17:44:44] download_missing_pdb_files:skip_existing
────────────────────────────────────────────────────────────────────────────────────────────────────
pdb_id        : 3K5E
residue_range : '18-363'
pdb_file_path : /home/grheco/repositorios/stack_protein_prep/data/proteins/3K5E/3K5E.pdb

════════════════════════════════════════════════════════════════════════════════════════════════════
[2026-05-17 17:44:44] download_missing_pdb_files:skip_existing
────────────────────────────────────────────────────────────────────────────────────────────────────
pdb_id        : 3L3M
residue_range : '2-349'
pdb_file_path : /home/grheco/repositorios/stack_protein_prep/data/proteins/3L3M/3L3M.pdb

════════════════════════════════════════════════════════════════════════════════════════════════════
[2026-05-17 17:44:44] download_missing_pdb_files:skip_existing
────────────────────────────────────────────────────────────────────────────────────────────────────
pdb_id        : 3LBK
residue_range : '26-110'
pdb_file_path : /home/grheco/repositorios/stack_protein_prep/data/proteins/3LBK/3LBK.pdb

════════════════════════════════════════════════════════════════════════════════════════════════════
[2026-05-17 17:44:44] download_missing_pdb_files:skip_existing
────────────────────────────────────────────────────────────────────────────────────────────────────
pdb_id        : 3OLL
residue_range : '262-498'
pdb_file_path : /home/grheco/repositorios/stack_protein_prep/data/proteins/3OLL/3OLL.pdb

════════════════════════════════════════════════════════════════════════════════════════════════════
[2026-05-17 17:44:44] download_missing_pdb_files:skip_existing
────────────────────────────────────────────────────────────────────────────────────────────────────
pdb_id        : 3R04
residue_range : '35-305'
pdb_file_path : /home/grheco/repositorios/stack_protein_prep/data/proteins/3R04/3R04.pdb

════════════════════════════════════════════════════════════════════════════════════════════════════
[2026-05-17 17:44:44] download_missing_pdb_files:skip_existing
────────────────────────────────────────────────────────────────────────────────────────────────────
pdb_id        : 3RM2
residue_range : '16-246'
pdb_file_path : /home/grheco/repositorios/stack_protein_prep/data/proteins/3RM2/3RM2.pdb

════════════════════════════════════════════════════════════════════════════════════════════════════
[2026-05-17 17:44:44] download_missing_pdb_files:done
────────────────────────────────────────────────────────────────────────────────────────────────────
downloaded_count : 0

════════════════════════════════════════════════════════════════════════════════════════════════════
[2026-05-17 17:44:44] sync_pdb_csv_and_directories:case3
────────────────────────────────────────────────────────────────────────────────────────────────────
csv_record_count             : 20
directory_record_count       : 20
missing_subdirectory_pdb_ids : []
missing_csv_pdb_ids          : []
merged_record_count          : 20
downloaded_file_count        : 0

