model_name	dope_score	ga341_score
3FDN_A.B99990001.pdb	-37404.96875	[1.0, 0.00635090796276927, -296.11279296875, -11.719024658203125, -8.23421573638916, -7.702846050262451, -6.945551872253418, -10.357084274291992]
3FDN_A.B99990002.pdb	-36623.38671875	[1.0, 0.005521817598491907, -300.6260681152344, -12.002364158630371, -8.873556137084961, -8.45759391784668, -6.908045291900635, -9.906557083129883]
